{
  "type": "Feature",
  "properties": {},
  "geometry": {
    "type": "Polygon",
    "coordinates": [[
  [35.496826,23.667166],[34.656372,23.601745],[33.77836,23.31639],[31.93134,23.20356],[29.36368,23.86291],[25.43519,26.14707],[19.30803,27.37648],[14.17405,29.23188],[7.68173,30.46579],[-4.21147,29.39724],[-9.73526,30.002517]],[[34.87322,32.430325],[34.837657,32.280707],[34.757009,32.066596],[34.743337,32.06037],[34.742686,32.055609],[34.743988,32.044623],[34.743337,32.039862],[34.711925,31.951606],[34.693207,31.926459],[34.665945,31.873887],[34.60963,31.76553],[34.602712,31.757758],[34.513927,31.627143],[34.489513,31.600409],[34.481212,31.583157],[34.47877,31.578274],[34.44337,31.534573],[34.368175,31.468166],[34.348399,31.437649],[34.301606,31.407701],[34.281423,31.376695],[34.236664,31.342353],[34.222667,31.326646],[34.200287,31.314276],[34.198497,31.3133],[34.047048,31.229193],[33.85434,31.163479],[33.64796,31.117255],[33.614757,31.115383],[33.592052,31.121283],[33.592052,31.114407],[33.57252,31.121568],[33.499522,31.128079],[33.480805,31.133246],[33.440929,31.15119],[33.427501,31.147935],[33.420665,31.147935],[33.417247,31.150784],[33.406423,31.155422],[33.406423,31.137274],[33.390636,31.136217],[33.377696,31.132554],[33.386485,31.114407],[33.277192,31.10692],[33.288748,31.104885],[33.298188,31.103909],[33.308116,31.105129],[33.317638,31.100775],[33.303233,31.099799],[33.304535,31.098212],[33.304861,31.088121],[33.303966,31.079657],[33.29656,31.079657],[33.292491,31.088446],[33.285411,31.092719],[33.277192,31.092108],[33.269786,31.086493],[33.262462,31.093329],[33.269786,31.100775],[33.262462,31.100775],[33.247895,31.091254],[33.194835,31.073432],[33.194835,31.065985],[33.200938,31.065985],[33.200938,31.073432],[33.207774,31.073432],[33.221446,31.065985],[33.221446,31.059801],[33.212413,31.060981],[33.207693,31.061021],[33.200938,31.059801],[33.187673,31.061672],[33.169119,31.05801],[33.133311,31.045559],[33.144298,31.062567],[33.144705,31.077867],[33.135753,31.090766],[33.118988,31.100775],[33.118988,31.10692],[33.124034,31.107571],[33.125255,31.105902],[33.125255,31.103258],[33.126475,31.100775],[33.140961,31.109605],[33.153575,31.112372],[33.157725,31.117865],[33.146983,31.134914],[33.111095,31.17536],[33.098643,31.183295],[33.098643,31.189521],[33.126475,31.189521],[33.126475,31.196357],[33.109386,31.196438],[33.09783,31.191555],[33.078624,31.175849],[33.067068,31.170966],[33.042328,31.167222],[33.030284,31.162177],[33.014415,31.144965],[33.001801,31.124823],[32.98463,31.109524],[32.954438,31.10692],[32.970551,31.101467],[32.994151,31.098456],[33.016938,31.098131],[33.030284,31.100775],[33.023774,31.104641],[33.023774,31.107733],[33.02711,31.110745],[33.030284,31.114407],[33.051036,31.128119],[33.057465,31.134914],[33.064301,31.134914],[33.060069,31.123928],[33.054698,31.115546],[33.052501,31.108303],[33.057465,31.100775],[33.047862,31.09512],[33.009125,31.086493],[33.009125,31.079657],[33.013927,31.078192],[33.023448,31.073432],[33.023448,31.065985],[33.009939,31.056301],[32.994477,31.055569],[32.961274,31.065985],[32.975108,31.065985],[32.973318,31.071031],[32.971202,31.080878],[32.968761,31.086493],[32.959483,31.098456],[32.944021,31.107896],[32.927094,31.111802],[32.913585,31.10692],[32.913585,31.100775],[32.940929,31.100775],[32.940929,31.093329],[32.917247,31.082831],[32.906749,31.079657],[32.906749,31.086493],[32.914399,31.087307],[32.917735,31.092231],[32.903494,31.095445],[32.899262,31.100775],[32.893077,31.100775],[32.882823,31.093573],[32.831065,31.079657],[32.769542,31.045559],[32.763845,31.046332],[32.759451,31.0456],[32.756196,31.046536],[32.755382,31.052314],[32.749197,31.052314],[32.742849,31.042629],[32.731293,31.038764],[32.700694,31.038723],[32.715017,31.045559],[32.715017,31.052314],[32.666515,31.052314],[32.752452,31.071357],[32.80714,31.093329],[32.83961,31.101223],[32.895356,31.137397],[32.927257,31.147935],[32.927257,31.155422],[32.920421,31.155422],[32.90919,31.148179],[32.868012,31.130276],[32.850759,31.118801],[32.761974,31.081204],[32.687511,31.064439],[32.645518,31.059801],[32.601573,31.060981],[32.599701,31.06151],[32.565684,31.070543],[32.535818,31.086615],[32.509532,31.10692],[32.481212,31.148871],[32.462657,31.161038],[32.420177,31.196357],[32.401378,31.217108],[32.389903,31.226508],[32.359141,31.233466],[32.344249,31.241889],[32.333832,31.254706],[32.331391,31.27143],[32.320079,31.272691],[32.313813,31.272691],[32.300466,31.28144],[32.256602,31.288804],[32.232677,31.292873],[32.219493,31.293769],[32.207042,31.295071],[32.214122,31.278266],[32.226329,31.28205],[32.246755,31.279242],[32.267914,31.27265],[32.28297,31.265286],[32.270518,31.257554],[32.27296,31.248847],[32.289806,31.230455],[32.295095,31.213365],[32.29477,31.199368],[32.289806,31.169623],[32.287364,31.170152],[32.286469,31.170356],[32.262462,31.169623],[32.280528,31.154975],[32.283458,31.136542],[32.272227,31.118883],[32.24822,31.10692],[32.234141,31.104885],[32.218516,31.105211],[32.20574,31.109198],[32.194835,31.1258],[32.183849,31.124945],[32.176036,31.117825],[32.179942,31.10692],[32.174164,31.107571],[32.169688,31.107123],[32.16684,31.108344],[32.16627,31.114407],[32.154307,31.107733],[32.152843,31.106594],[32.154307,31.10399],[32.154063,31.102525],[32.154959,31.101752],[32.159434,31.100775],[32.159434,31.093329],[32.154307,31.093817],[32.138357,31.093329],[32.146332,31.079657],[32.142589,31.080268],[32.133149,31.081732],[32.112966,31.090562],[32.097992,31.093329],[32.101248,31.08275],[32.107432,31.072821],[32.117442,31.066311],[32.132091,31.065985],[32.132091,31.059801],[32.119802,31.052924],[32.106456,31.053371],[32.093761,31.058539],[32.083751,31.065985],[32.083751,31.073432],[32.090587,31.073432],[32.090587,31.079657],[32.083751,31.084418],[32.075531,31.086371],[32.06658,31.084947],[32.056977,31.079657],[32.049001,31.08454],[32.043956,31.086493],[32.047618,31.094875],[32.052582,31.100775],[32.059906,31.104641],[32.070079,31.10692],[32.070079,31.114407],[32.060557,31.117377],[32.054535,31.122992],[32.052338,31.12877],[32.051443,31.131171],[32.050141,31.14175],[32.043956,31.14175],[32.041026,31.134263],[32.035167,31.129706],[32.026866,31.127672],[32.016124,31.128079],[32.016124,31.134914],[32.036876,31.150295],[32.036388,31.161078],[32.029633,31.169623],[32.029633,31.175849],[32.036794,31.178616],[32.040375,31.182318],[32.042328,31.187934],[32.043956,31.196357],[32.040782,31.193915],[32.029633,31.189521],[32.031261,31.202867],[32.03297,31.206204],[32.03712,31.210639],[32.03712,31.216783],[32.022797,31.223619],[32.01824,31.219062],[32.011974,31.214789],[32.009288,31.210639],[31.994965,31.216783],[31.994965,31.223619],[32.009288,31.223619],[31.986583,31.230292],[31.96754,31.218817],[31.951915,31.204576],[31.940278,31.203192],[31.934744,31.187567],[31.926443,31.186998],[31.921641,31.196479],[31.926606,31.210639],[31.91977,31.210639],[31.91977,31.203192],[31.91505,31.20425],[31.91391,31.206488],[31.914236,31.20897],[31.912934,31.210639],[31.90919,31.208075],[31.906912,31.205634],[31.904145,31.203843],[31.899425,31.203192],[31.898448,31.209906],[31.900157,31.213039],[31.903005,31.214586],[31.906261,31.216783],[31.892589,31.216783],[31.892589,31.223619],[31.906261,31.223619],[31.902029,31.230618],[31.900645,31.23607],[31.90211,31.242336],[31.906261,31.251614],[31.898611,31.246649],[31.893403,31.239936],[31.885753,31.223619],[31.875987,31.233303],[31.861013,31.242377],[31.845388,31.248969],[31.834158,31.251614],[31.830333,31.255764],[31.830251,31.264879],[31.828624,31.274115],[31.820567,31.278266],[31.811209,31.278713],[31.804373,31.279975],[31.790212,31.285102],[31.79184,31.28144],[31.793142,31.280463],[31.794444,31.280015],[31.796397,31.278266],[31.794932,31.277696],[31.78419,31.273383],[31.773204,31.275865],[31.766938,31.284654],[31.769054,31.298774],[31.777517,31.304999],[31.78891,31.30744],[31.795909,31.310981],[31.790212,31.320502],[31.790212,31.326646],[31.802745,31.331285],[31.80128,31.334866],[31.794281,31.338446],[31.790212,31.343451],[31.792247,31.353583],[31.797211,31.359524],[31.803884,31.360053],[31.810557,31.35399],[31.816742,31.35399],[31.825043,31.360663],[31.834158,31.359931],[31.845063,31.356187],[31.858409,31.35399],[31.858409,31.361477],[31.836925,31.361884],[31.827891,31.368354],[31.83074,31.379788],[31.844737,31.394965],[31.838552,31.402493],[31.834972,31.405748],[31.830414,31.408637],[31.833669,31.409817],[31.836681,31.409654],[31.838552,31.410834],[31.837901,31.416083],[31.844737,31.416083],[31.851736,31.409654],[31.861664,31.40762],[31.871837,31.409817],[31.878917,31.416083],[31.868419,31.416571],[31.860606,31.419013],[31.854828,31.423163],[31.850922,31.429145],[31.850922,31.43651],[31.858409,31.43651],[31.858409,31.443345],[31.850597,31.442939],[31.844981,31.44481],[31.837901,31.449612],[31.833751,31.443793],[31.830414,31.442572],[31.824229,31.443345],[31.830414,31.458808],[31.837657,31.465481],[31.841645,31.464504],[31.837901,31.457017],[31.851899,31.456122],[31.862071,31.450588],[31.868663,31.441352],[31.872081,31.429145],[31.878917,31.429145],[31.877452,31.434149],[31.874278,31.43891],[31.872081,31.443345],[31.878917,31.443345],[31.878917,31.449612],[31.872081,31.449612],[31.875011,31.463324],[31.859711,31.486884],[31.865245,31.497992],[31.844737,31.497992],[31.849457,31.505072],[31.851329,31.510647],[31.850922,31.5185],[31.854747,31.516506],[31.861664,31.51435],[31.865245,31.512274],[31.865733,31.515326],[31.865001,31.522121],[31.865245,31.525336],[31.878917,31.5185],[31.882986,31.52851],[31.889496,31.53205],[31.906261,31.525336],[31.906586,31.529608],[31.917979,31.523993],[31.932384,31.507758],[31.943126,31.491645],[31.9935,31.437812],[31.981293,31.43651],[31.968272,31.43651],[31.97755,31.429877],[31.985688,31.420356],[31.991954,31.408515],[31.994965,31.394965],[32.002452,31.394965],[32.006602,31.395331],[32.017345,31.387519],[32.043956,31.375149],[32.048839,31.370998],[32.051443,31.366441],[32.056,31.36286],[32.076508,31.360907],[32.083507,31.358832],[32.088145,31.354438],[32.090587,31.347154],[32.082774,31.352769],[32.080089,31.35399],[32.075694,31.353502],[32.070079,31.35399],[32.168956,31.300727],[32.199555,31.295071],[32.189464,31.300767],[32.149669,31.327786],[32.135265,31.333482],[32.129161,31.337388],[32.104259,31.361477],[32.093761,31.365668],[32.09197,31.3664],[32.067556,31.37108],[32.056977,31.375149],[32.024913,31.400051],[32.009044,31.417182],[31.995779,31.445746],[31.964203,31.482408],[31.959158,31.49433],[31.944835,31.520941],[31.912934,31.534898],[31.87436,31.53559],[31.837901,31.525336],[31.748302,31.481594],[31.597423,31.444485],[31.571625,31.443752],[31.556814,31.443345],[31.523692,31.449652],[31.419607,31.491156],[31.378591,31.5185],[31.349946,31.529649],[31.220958,31.579901],[31.128673,31.604926],[31.097423,31.607896],[31.01238,31.59691],[30.987559,31.588935],[30.978038,31.584296],[31.023204,31.582994],[31.070811,31.565375],[31.111095,31.53974],[31.130382,31.516995],[31.123546,31.51789],[31.117524,31.516018],[31.111095,31.512274],[31.129242,31.504462],[31.125255,31.497789],[31.119151,31.493109],[31.111095,31.491156],[31.101573,31.492499],[31.099783,31.496405],[31.100108,31.501044],[31.097423,31.504828],[31.08074,31.514228],[31.0713,31.51732],[31.034923,31.51968],[31.029145,31.5185],[31.023285,31.513821],[31.023611,31.509182],[31.024669,31.504055],[31.021739,31.497992],[31.005707,31.486233],[31.002208,31.479641],[31.008067,31.47134],[30.996918,31.451117],[30.990001,31.443264],[30.980724,31.43651],[30.973969,31.444078],[30.939708,31.457017],[30.937673,31.453803],[30.937511,31.452623],[30.937022,31.451728],[30.933604,31.449612],[30.933279,31.445136],[30.934825,31.444241],[30.937266,31.444403],[30.939708,31.443345],[30.926443,31.433051],[30.909434,31.423814],[30.892426,31.419094],[30.878917,31.422268],[30.878429,31.426988],[30.879893,31.428168],[30.88266,31.428127],[30.885753,31.429145],[30.873709,31.434516],[30.859711,31.433336],[30.846853,31.430162],[30.837413,31.429145],[30.822602,31.434719],[30.809581,31.442084],[30.798513,31.446479],[30.789561,31.443345],[30.774669,31.436835],[30.756196,31.423],[30.740733,31.405504],[30.734386,31.388129],[30.72755,31.388129],[30.715994,31.402086],[30.695079,31.416897],[30.675059,31.421576],[30.666026,31.405504],[30.653819,31.395819],[30.62672,31.388658],[30.598643,31.387356],[30.583507,31.394965],[30.576671,31.394965],[30.570323,31.390082],[30.563243,31.390204],[30.542654,31.394965],[30.542654,31.402411],[30.557872,31.422187],[30.562348,31.422268],[30.570974,31.426581],[30.610688,31.429145],[30.628103,31.434312],[30.666026,31.457017],[30.674083,31.459662],[30.687755,31.461615],[30.69337,31.463853],[30.736095,31.488715],[30.789073,31.510321],[30.866384,31.548285],[30.958751,31.57807],[30.973888,31.579901],[30.973888,31.586737],[30.676524,31.496161],[30.535818,31.463853],[30.492524,31.459215],[30.456391,31.462714],[30.425629,31.473619],[30.398611,31.491156],[30.362153,31.508734],[30.355724,31.491116],[30.370616,31.461615],[30.398611,31.443345],[30.378429,31.446682],[30.364594,31.46011],[30.355724,31.478827],[30.350759,31.497992],[30.343923,31.497992],[30.352387,31.463202],[30.348399,31.421332],[30.334483,31.381008],[30.312836,31.350572],[30.25172,31.303412],[30.216563,31.286444],[30.179454,31.278266],[30.179454,31.27143],[30.238455,31.273993],[30.254568,31.278266],[30.254568,31.27143],[30.251313,31.271064],[30.243988,31.271918],[30.240896,31.27143],[30.240896,31.265286],[30.258637,31.268866],[30.273448,31.275295],[30.287608,31.278225],[30.302989,31.27143],[30.292735,31.244574],[30.288748,31.237942],[30.281423,31.240912],[30.276622,31.246405],[30.274587,31.254543],[30.275076,31.265286],[30.268809,31.265286],[30.267751,31.25731],[30.265961,31.253241],[30.263845,31.249905],[30.261404,31.244127],[30.258067,31.246405],[30.257335,31.246812],[30.254568,31.251614],[30.224376,31.226874],[30.22047,31.220201],[30.215831,31.219387],[30.207205,31.220893],[30.201671,31.226508],[30.206798,31.237942],[30.165212,31.216783],[30.154633,31.222154],[30.143728,31.229478],[30.140147,31.23725],[30.15211,31.244127],[30.148611,31.245063],[30.145518,31.245103],[30.144054,31.246568],[30.144705,31.251614],[30.153087,31.255845],[30.164399,31.266995],[30.172618,31.27143],[30.135997,31.274848],[30.098481,31.284654],[30.0949,31.28559],[30.066661,31.304877],[30.069591,31.333482],[30.042247,31.320502],[30.041677,31.315497],[30.043224,31.314154],[30.045909,31.314154],[30.049083,31.313056],[30.039561,31.307115],[30.03297,31.30036],[30.025076,31.294867],[30.011241,31.292548],[30.003103,31.287095],[29.983165,31.263251],[29.969981,31.257799],[29.956228,31.250067],[29.909679,31.214097],[29.898204,31.203192],[29.89088,31.203192],[29.884776,31.213772],[29.876964,31.213568],[29.869151,31.206488],[29.863536,31.196357],[29.871837,31.200141],[29.875662,31.200873],[29.884613,31.189521],[29.83839,31.15412],[29.809337,31.14232],[29.781505,31.147935],[29.765961,31.121568],[29.618663,31.029283],[29.611013,31.021918],[29.60377,31.01203],[29.598074,31.009508],[29.556326,30.990912],[29.503266,30.956692],[29.355724,30.895087],[29.218923,30.838039],[29.18922,30.833238],[29.028087,30.827053],[28.85434,30.905951],[28.835704,30.910793],[28.828868,30.915188],[28.824962,30.924465],[28.818044,30.951158],[28.812022,30.956773],[28.787771,30.959662],[28.76824,30.966702],[28.732677,30.984076],[28.555024,31.038723],[28.538259,31.046536],[28.527599,31.050116],[28.514171,31.052314],[28.478526,31.051825],[28.469737,31.056057],[28.457774,31.06684],[28.442231,31.076402],[28.424327,31.083441],[28.404959,31.086493],[28.382091,31.08275],[28.338634,31.064114],[28.31837,31.059801],[28.299083,31.061957],[28.256358,31.071275],[28.233572,31.073432],[28.203868,31.070502],[28.191417,31.073432],[28.183279,31.078315],[28.175304,31.084906],[28.16627,31.090766],[28.154552,31.093329],[27.975108,31.093085],[27.926931,31.099026],[27.897146,31.114407],[27.894298,31.122626],[27.89031,31.155422],[27.872732,31.191596],[27.869884,31.199774],[27.8685,31.219387],[27.863292,31.233547],[27.852875,31.240302],[27.835704,31.237942],[27.719493,31.189276],[27.66033,31.180243],[27.609874,31.203192],[27.587738,31.193101],[27.56544,31.196967],[27.540538,31.205756],[27.478038,31.213935],[27.4463,31.223212],[27.417491,31.237209],[27.393565,31.254706],[27.383474,31.2685],[27.373546,31.298407],[27.366466,31.309638],[27.36378,31.315497],[27.362315,31.330512],[27.359386,31.333482],[27.35434,31.335761],[27.349783,31.341295],[27.342296,31.35399],[27.340099,31.360989],[27.34197,31.364651],[27.342296,31.368232],[27.334809,31.375149],[27.327485,31.379218],[27.320649,31.381008],[27.257986,31.380032],[27.246104,31.381293],[27.242035,31.377346],[27.232432,31.37226],[27.226248,31.367662],[27.209972,31.378119],[27.185069,31.384345],[27.117361,31.390448],[27.054373,31.408637],[27.027029,31.422268],[27.015798,31.424465],[27.006521,31.425035],[26.99643,31.428697],[26.982595,31.439927],[26.965505,31.449652],[26.947927,31.448228],[26.911632,31.43651],[26.865733,31.436835],[26.824718,31.447821],[26.753184,31.477484],[26.732921,31.479234],[26.683116,31.476223],[26.667247,31.480943],[26.650645,31.488756],[26.362153,31.521918],[25.966807,31.616604],[25.868826,31.620917],[25.824067,31.614936],[25.636485,31.560696],[25.473888,31.520494],[25.444835,31.517646],[25.420177,31.512193],[25.401866,31.50316],[25.389659,31.505113],[25.378103,31.509711],[25.3685,31.512274],[25.322765,31.506415],[25.302094,31.506537],[25.263438,31.523668],[25.212576,31.526353],[25.190929,31.53148],[25.172862,31.551581],[25.161794,31.583564],[25.149425,31.648871],[25.15089,31.65648],[25.152517,31.659817],[25.156261,31.663072],[25.136729,31.692572],[25.122081,31.720852],[25.116873,31.737982],[25.063731,31.804104],[25.029552,31.8369],[25.022227,31.854682],[25.024425,31.876614],[25.033376,31.916327],[25.017914,31.949042],[24.9817,31.967922],[24.865408,31.989325],[24.824392,32.002997],[24.791759,32.007758],[24.771983,32.01675],[24.758067,32.019965],[24.74586,32.02619],[24.741873,32.028998],[24.733735,32.033149],[24.726329,32.031317],[24.718598,32.027533],[24.710623,32.02558],[24.670258,32.032416],[24.658539,32.028632],[24.636241,32.014879],[24.546072,31.991441],[24.280935,32.007554],[24.090668,32.005764],[24.067882,32.011176],[24.004893,32.052924],[23.97877,32.062242],[23.970714,32.066596],[23.975271,32.074205],[23.998709,32.093899],[23.840343,32.149115],[23.669688,32.183254],[23.531098,32.181383],[23.405284,32.19066],[23.398936,32.194037],[23.37086,32.214016],[23.36199,32.217108],[23.31837,32.217841],[23.299083,32.224189],[23.310395,32.179267],[23.312185,32.162746],[23.302501,32.170722],[23.293224,32.192328],[23.285411,32.203762],[23.273204,32.209703],[23.257335,32.213772],[23.2435,32.220608],[23.230805,32.250637],[23.214529,32.272406],[23.195079,32.291653],[23.178966,32.299954],[23.156505,32.303534],[23.095551,32.323554],[23.080577,32.334052],[23.079112,32.354438],[23.094412,32.436469],[23.103363,32.428168],[23.109874,32.420315],[23.112153,32.411933],[23.108653,32.40233],[23.128429,32.395494],[23.140961,32.458564],[23.148936,32.478095],[23.128673,32.488471],[23.113292,32.5008],[23.103852,32.516343],[23.094412,32.577379],[23.097911,32.586656],[23.115245,32.604926],[23.120942,32.61522],[23.118663,32.62934],[23.10613,32.639838],[23.086436,32.64647],[23.041352,32.652533],[22.999685,32.670559],[22.976899,32.676703],[22.942638,32.675035],[22.92921,32.676703],[22.895844,32.688178],[22.884532,32.689765],[22.86671,32.694159],[22.812511,32.724514],[22.578868,32.784613],[22.532237,32.787543],[22.513845,32.790961],[22.496755,32.797309],[22.477306,32.807074],[22.379161,32.870347],[22.33961,32.882148],[22.247325,32.880845],[22.206798,32.888129],[22.175059,32.916246],[22.171072,32.926256],[22.171072,32.932929],[22.169444,32.938218],[22.161388,32.944159],[22.149587,32.947943],[22.138845,32.947577],[22.11671,32.944159],[22.111827,32.940904],[22.101329,32.926418],[22.096202,32.923082],[21.877452,32.903225],[21.836111,32.906562],[21.787446,32.915961],[21.743663,32.930854],[21.716319,32.950385],[21.671723,32.939887],[21.62322,32.936754],[21.608653,32.930732],[21.4546,32.812567],[21.414806,32.793402],[21.331879,32.774644],[21.286794,32.771145],[21.09669,32.781073],[21.050955,32.772284],[20.934093,32.722602],[20.79656,32.643012],[20.562673,32.557847],[20.416759,32.459459],[20.403331,32.447333],[20.385509,32.434638],[20.345714,32.419908],[20.32545,32.409817],[20.277192,32.360826],[20.261729,32.339545],[20.071544,32.176418],[20.048025,32.146064],[19.957205,31.982733],[19.944591,31.967515],[19.940115,31.95775],[19.941742,31.946926],[19.945811,31.935981],[19.948009,31.925971],[19.934337,31.888414],[19.919688,31.804674],[19.917247,31.759223],[19.920665,31.717719],[19.926931,31.699164],[19.944347,31.661444],[19.948009,31.645087],[19.948904,31.60102],[19.954845,31.559475],[20.022227,31.396796],[20.038341,31.375881],[20.082205,31.336615],[20.103282,31.308743],[20.128103,31.242987],[20.146658,31.216783],[20.152354,31.088202],[20.146658,31.045559],[20.099864,30.935004],[20.036469,30.819078],[20.018728,30.803778],[19.982188,30.778632],[19.958181,30.749701],[19.914317,30.682929],[19.748871,30.510932],[19.616384,30.421373],[19.596039,30.412014],[19.551036,30.404934],[19.530528,30.396796],[19.418956,30.333238],[19.338552,30.298814],[19.291677,30.287055]],[[33.078624,31.227118],[33.066905,31.217434],[33.014822,31.196723],[33.001475,31.1883],[32.989106,31.182074],[32.969737,31.173041],[32.946462,31.163275],[32.934744,31.147935],[32.955903,31.163153],[33.076427,31.218736],[33.10255,31.226752],[33.118988,31.223619],[33.153087,31.231757],[33.182872,31.228013],[33.212576,31.224311],[33.2435,31.219306],[33.256114,31.219306],[33.262462,31.223619],[33.104747,31.240302],[33.078624,31.227118]],[[33.375987,31.189521],[33.35255,31.194892],[33.301117,31.215888],[33.269786,31.216783],[33.298676,31.212795],[33.454356,31.15469],[33.475922,31.14175],[33.432953,31.172065],[33.406016,31.184475],[33.375987,31.189521]],[[32.2229,36.3367],[32.252696,36.315334],[32.276134,36.287828],[32.278982,36.279039],[32.28297,36.250637],[32.287283,36.244818],[32.305919,36.234565],[32.310313,36.229478],[32.318696,36.228583],[32.365489,36.177965],[32.381521,36.170152],[32.402029,36.165513],[32.419607,36.159491],[32.427013,36.14761],[32.437266,36.138658],[32.513438,36.103013],[32.531423,36.098822],[32.567882,36.096096],[32.571788,36.09398],[32.632335,36.061957],[32.670665,36.046698],[32.76059,36.029486],[32.803722,36.027167],[32.8567,36.060981],[32.865245,36.071845],[32.87672,36.075141],[32.940929,36.103502],[32.96046,36.102688],[33.026866,36.08926],[33.05836,36.090644],[33.071137,36.08926],[33.080414,36.085883],[33.083751,36.08275],[33.087738,36.082831],[33.098643,36.08926],[33.112153,36.10342],[33.12143,36.119086],[33.134044,36.131781],[33.156912,36.13703],[33.167247,36.134955],[33.18865,36.1258],[33.200938,36.123358],[33.212413,36.124091],[33.241954,36.130805],[33.286469,36.12995],[33.30836,36.132229],[33.326834,36.150092],[33.34783,36.147895],[33.386485,36.13703],[33.401134,36.139838],[33.436697,36.15469],[33.458263,36.158149],[33.478282,36.155951],[33.521007,36.146633],[33.5442,36.144477],[33.5442,36.13703],[33.530528,36.130805],[33.552257,36.127509],[33.574067,36.144761],[33.596528,36.168769],[33.619884,36.185452],[33.634125,36.190334],[33.647227,36.192572],[33.656586,36.188666],[33.66033,36.174872],[33.685313,36.143215],[33.688243,36.13703],[33.693858,36.14411],[33.700369,36.171129],[33.705251,36.181708],[33.735606,36.208726],[33.742849,36.213365],[33.777029,36.225043],[33.786876,36.226386],[33.799083,36.230658],[33.813731,36.251654],[33.824718,36.259914],[33.821788,36.263983],[33.818696,36.265774],[33.811046,36.267401],[33.827891,36.271715],[33.837657,36.280422],[33.855479,36.304918],[33.871104,36.314887],[33.883149,36.312486],[33.895274,36.305569],[33.910411,36.3015],[33.930919,36.290473],[33.945974,36.265204],[33.950938,36.237698],[33.941417,36.219631],[33.941417,36.213365],[33.958995,36.213568],[33.964366,36.220526],[33.96518,36.232367],[33.968761,36.246894],[33.977061,36.259426],[33.99586,36.279527],[33.998302,36.286038],[33.994802,36.283271],[33.989268,36.281684],[33.999766,36.302924],[34.027192,36.310777],[34.057791,36.315904],[34.077891,36.328843],[34.079926,36.355536],[34.07488,36.387274],[34.077322,36.413886],[34.11199,36.429592],[34.147472,36.459174],[34.168224,36.466946],[34.177745,36.473375],[34.181651,36.483385],[34.19044,36.498521],[34.276215,36.586982],[34.307465,36.608588],[34.415212,36.662909],[34.503184,36.726711],[34.533865,36.740383],[34.539073,36.744574],[34.548839,36.763373],[34.554698,36.767646],[34.585134,36.781317],[34.596528,36.785061],[34.62672,36.788764],[34.692882,36.81387],[34.73585,36.821682],[34.764985,36.80858],[34.770763,36.816067],[34.85255,36.781317],[34.893565,36.745998],[34.907888,36.740383],[34.902599,36.724514],[34.900401,36.719875],[34.91391,36.724677],[34.929861,36.727362],[34.933279,36.727484],[34.946462,36.727973],[34.962413,36.726711],[34.98227,36.720771],[35.014171,36.70307],[35.04184,36.695217],[35.294688,36.572496],[35.308849,36.569037],[35.32016,36.564683],[35.335785,36.5456],[35.346039,36.541083],[35.347992,36.544379],[35.374034,36.561591],[35.395356,36.567613],[35.40447,36.571926],[35.408051,36.579291],[35.413259,36.583686],[35.437185,36.594224],[35.445486,36.59634],[35.48878,36.592027],[35.531016,36.582709],[35.496837,36.594428],[35.488536,36.597073],[35.478689,36.598538],[35.481212,36.607245],[35.490001,36.613918],[35.503673,36.616848],[35.513357,36.612982],[35.544688,36.589504],[35.55714,36.58747],[35.589366,36.589504],[35.598806,36.591498],[35.613943,36.600531],[35.623546,36.602525],[35.631358,36.607164],[35.632986,36.61815],[35.633149,36.630927],[35.637462,36.641018],[35.643728,36.648871],[35.652192,36.666734],[35.65797,36.675198],[35.695567,36.706204],[35.680024,36.70307],[35.666759,36.696112],[35.622081,36.654242],[35.608653,36.646877],[35.6067,36.657782],[35.622569,36.680732],[35.650157,36.697821],[35.709158,36.719875],[35.696056,36.723944],[35.685557,36.720771],[35.675792,36.715318],[35.664806,36.712388],[35.6574,36.717515],[35.653819,36.727362],[35.648123,36.733222],[35.634044,36.726711],[35.639171,36.720364],[35.640473,36.713365],[35.638682,36.706285],[35.634044,36.699368],[35.631684,36.704332],[35.629161,36.708238],[35.625499,36.710924],[35.619802,36.712388],[35.616873,36.696234],[35.594493,36.701728],[35.579438,36.685126],[35.573009,36.70067],[35.582286,36.712795],[35.596853,36.724921],[35.6067,36.740383],[35.615001,36.735663],[35.618175,36.731635],[35.617442,36.726793],[35.613536,36.719875],[35.624522,36.72602],[35.636241,36.744615],[35.647716,36.753974],[35.684093,36.764635],[35.7671,36.767727],[35.805431,36.775092],[35.820649,36.785142],[35.853852,36.815823],[35.863617,36.822252],[35.880138,36.825914],[35.893809,36.834906],[35.950857,36.891018],[35.985037,36.915595],[36.020274,36.926337],[36.058604,36.918443],[36.09547,36.897121],[36.129893,36.869289],[36.188975,36.801744],[36.198741,36.784573],[36.202485,36.769192],[36.201915,36.706285],[36.202485,36.699368],[36.206554,36.688707],[36.211599,36.679918],[36.215587,36.670478],[36.216156,36.657782],[36.211192,36.642401],[36.201182,36.621975],[36.189138,36.60399],[36.178722,36.59634],[36.162934,36.593411],[36.055431,36.538275],[36.044932,36.537665],[36.037446,36.527045],[35.990245,36.479641],[35.981781,36.475653],[35.942393,36.464342],[35.935557,36.459459],[35.930837,36.454576],[35.918712,36.448188],[35.913259,36.427191],[35.908458,36.418158],[35.899425,36.412299],[35.881847,36.40469],[35.873546,36.397691],[35.861827,36.373521],[35.856781,36.369778],[35.844981,36.368964],[35.834239,36.366278],[35.824474,36.36107],[35.815929,36.353013],[35.788748,36.320258],[35.787364,36.304267],[35.798595,36.281684],[35.810802,36.269599],[35.826915,36.257554],[35.840994,36.244534],[35.852224,36.213528],[35.864513,36.196845],[35.878266,36.182074],[35.948416,36.087836],[35.975434,36.0185],[35.976736,36.000963],[35.966075,35.993638],[35.922699,35.931586],[35.911388,35.917873],[35.911306,35.917751],[35.885265,35.885972],[35.881033,35.866685],[35.87086,35.851793],[35.846853,35.847235],[35.798595,35.849677],[35.81186,35.835395],[35.825369,35.813463],[35.835948,35.789984],[35.840099,35.770819],[35.840343,35.747463],[35.838552,35.742092],[35.800059,35.681464],[35.776622,35.675116],[35.771169,35.667792],[35.773204,35.655463],[35.782074,35.64175],[35.784353,35.630561],[35.778494,35.612738],[35.763357,35.598293],[35.743419,35.587958],[35.723399,35.582099],[35.723399,35.575914],[35.737071,35.582099],[35.743337,35.582099],[35.740896,35.576483],[35.73878,35.566596],[35.737071,35.561672],[35.771983,35.546332],[35.778087,35.541164],[35.77711,35.52912],[35.771983,35.515448],[35.770518,35.504218],[35.781261,35.499579],[35.786794,35.502183],[35.802257,35.506903],[35.81837,35.508938],[35.825857,35.503323],[35.830089,35.493476],[35.840099,35.487372],[35.860606,35.479071],[35.908865,35.425727],[35.918956,35.41767],[35.916677,35.403306],[35.924083,35.338528],[35.928966,35.321479],[35.915294,35.287909],[35.953298,35.224799],[35.962413,35.197943],[35.941254,35.180569],[35.894216,35.12108],[35.887869,35.109198],[35.887869,35.061347],[35.891449,35.049954],[35.897309,35.036566],[35.900564,35.021918],[35.895356,35.006781],[35.88738,35.00019],[35.881602,34.992865],[35.873546,34.978827],[35.876638,34.971666],[35.878917,34.97016],[35.878591,34.96955],[35.873546,34.965155],[35.873546,34.958319],[35.879568,34.95189],[35.881358,34.944973],[35.879568,34.938056],[35.873546,34.931627],[35.872895,34.926907],[35.866873,34.924221],[35.899099,34.852769],[35.904552,34.831773],[35.908458,34.821763],[35.926036,34.796942],[35.928966,34.790717],[35.928966,34.749823],[35.931163,34.740953],[35.940929,34.726223],[35.947439,34.69953],[35.965668,34.668443],[35.9699,34.649848],[35.980642,34.638495],[35.986827,34.620795],[35.989594,34.599677],[35.98878,34.55272],[35.983165,34.538642],[35.972911,34.529771],[35.956798,34.520087],[35.903331,34.477973],[35.823985,34.460842],[35.805431,34.464911],[35.805431,34.458686],[35.823578,34.434516],[35.806163,34.414984],[35.750743,34.389797],[35.737315,34.369208],[35.722179,34.33747],[35.705821,34.316596],[35.688731,34.328315],[35.665212,34.311347],[35.653005,34.284857],[35.648285,34.253607],[35.647716,34.222154],[35.644542,34.216986],[35.630382,34.208441],[35.627208,34.201117],[35.627208,34.166938],[35.630382,34.152818],[35.644542,34.130845],[35.647716,34.119127],[35.643321,34.08808],[35.626964,34.044257],[35.627208,34.019843],[35.630382,34.016099],[35.635753,34.013251],[35.640391,34.008531],[35.64088,33.999416],[35.636729,33.995307],[35.620128,33.995103],[35.613536,33.99315],[35.606293,33.983222],[35.594249,33.959296],[35.585704,33.950914],[35.59197,33.950426],[35.593435,33.94892],[35.59311,33.94477],[35.587901,33.936591],[35.57838,33.916693],[35.572032,33.90998],[35.557465,33.905666],[35.548106,33.906195],[35.533865,33.90705],[35.524181,33.902533],[35.517345,33.902533],[35.511241,33.90705],[35.499766,33.9112],[35.486583,33.912991],[35.475841,33.90998],[35.47047,33.902086],[35.473806,33.893866],[35.479991,33.884263],[35.483246,33.872463],[35.483002,33.86518],[35.481293,33.823676],[35.477306,33.8039],[35.437836,33.723375],[35.438487,33.711371],[35.421641,33.702338],[35.409923,33.661282],[35.394379,33.64997],[35.400645,33.643134],[35.362478,33.556342],[35.360362,33.543443],[35.349132,33.513861],[35.323009,33.490912],[35.271007,33.457506],[35.275076,33.444973],[35.268728,33.432603],[35.250499,33.409735],[35.246755,33.395819],[35.246104,33.368883],[35.243663,33.355699],[35.224783,33.311998],[35.209727,33.293402],[35.188324,33.280015],[35.209158,33.254625],[35.204763,33.224799],[35.174653,33.170152],[35.171072,33.176581],[35.167817,33.177883],[35.161794,33.176947],[35.167817,33.170152],[35.160981,33.161689],[35.154796,33.150295],[35.147634,33.140326],[35.125499,33.132514],[35.114757,33.123725],[35.105805,33.112454],[35.09962,33.101264],[35.100434,33.098212],[35.100434,33.095689],[35.101899,33.094468],[35.106456,33.095038],[35.105235,33.090644],[35.105235,33.089016],[35.104259,33.088528],[35.09962,33.087592],[35.106456,33.080756],[35.101817,33.077623],[35.096446,33.071357],[35.092133,33.067694],[35.096202,33.05036],[35.09197,33.031195],[35.078461,32.998847],[35.071544,32.937934],[35.06544,32.923082],[35.07781,32.917873],[35.0796,32.905829],[35.075531,32.893093],[35.067068,32.866848],[35.062755,32.858344],[35.02768,32.826606],[35.018728,32.825019],[35.003429,32.827541],[34.983165,32.838772],[34.97047,32.841376],[34.955577,32.834377],[34.94752,32.814154],[34.942068,32.724514],[34.919119,32.642971],[34.920909,32.628241],[34.915863,32.614895],[34.909841,32.570258],[34.904145,32.560614],[34.87322,32.430325]],[[35.509186,23.682888],[35.508516,23.706272],[35.507663,23.717832],[35.506114,23.734565],[35.509322,23.741729],[35.510148,23.756379],[35.501721,23.768695],[35.483224,23.772487],[35.474768,23.797915],[35.481425,23.828348],[35.490658,23.869996],[35.483871,23.917787],[35.491222,23.947577],[35.504921,23.971001],[35.513927,23.977118],[35.535275,23.97179],[35.550548,23.965481],[35.551443,23.960395],[35.561778,23.95718],[35.573232,23.944825],[35.579981,23.936349],[35.598533,23.929413],[35.613711,23.927102],[35.627202,23.928644],[35.64575,23.925562],[35.664274,23.918649],[35.68452,23.910916],[35.699718,23.917828],[35.736012,23.933209],[35.750356,23.932423],[35.770597,23.91235],[35.785779,23.893046],[35.792535,23.902291],[35.774825,23.923912],[35.753747,23.968659],[35.738571,23.983317],[35.717479,23.993355],[35.691315,24.001078],[35.66685,24.007253],[35.635631,24.001865],[35.605261,24.018817],[35.602725,24.048101],[35.588372,24.075837],[35.552059,24.1105],[35.524189,24.121275],[35.5039,24.140538],[35.493767,24.138989],[35.503082,24.125107],[35.510509,24.111233],[35.493828,24.1089],[35.455737,24.158988],[35.428645,24.185953],[35.391856,24.282782],[35.370616,24.306098],[35.235455,24.400126],[35.18572,24.485663],[35.144556,24.500206],[35.144445,24.527675],[35.160655,24.558498],[35.16027,24.574618],[35.146014,24.585898],[35.126964,24.617662],[35.109548,24.643785],[35.104015,24.656887],[35.08074,24.735419],[35.063487,24.764106],[35.037608,24.785875],[35.021821,24.795152],[35.010265,24.804429],[35.002208,24.815619],[34.996593,24.830552],[34.993907,24.849311],[34.993012,24.886705],[34.989757,24.905015],[34.969898,24.926411],[34.953725,24.944142],[34.943044,24.971259],[34.939138,25.003363],[34.853201,25.138821]],[[34.853201,25.138821],[34.806895,25.211615],[34.794932,25.254381],[34.764985,25.296088],[34.7588,25.309638],[34.74936,25.338813],[34.743337,25.351304],[34.699962,25.401028],[34.681895,25.428697],[34.671397,25.479722],[34.647146,25.52204],[34.633474,25.569403],[34.54656,25.725043],[34.538259,25.735663],[34.501801,25.771633],[34.434744,25.861884],[34.424978,25.890204],[34.417491,25.903144],[34.338715,26.001776],[34.301036,26.087795],[34.261974,26.139472],[34.177501,26.314846],[34.153331,26.347113],[34.139985,26.372301],[34.11964,26.400295],[34.104828,26.426663],[34.070649,26.514879],[34.056407,26.542304],[34.023936,26.580715],[34.014008,26.61164],[34.003591,26.625637],[33.987804,26.634101],[33.955414,26.643012],[33.941417,26.65351],[33.93214,26.682603],[33.951915,26.743354],[33.951671,26.769273],[33.947765,26.782416],[33.945811,26.799994],[33.945811,26.817776],[33.948253,26.831],[33.959646,26.849799],[33.968761,26.846381],[33.979666,26.837104],[33.996104,26.837877],[34.003591,26.848944],[34.002696,26.864895],[33.996104,26.896552],[33.990977,26.907416],[33.978852,26.914944],[33.964366,26.921861],[33.951671,26.930976],[33.942068,26.944566],[33.929454,26.974189],[33.920909,26.989325],[33.90089,27.014228],[33.893891,27.027899],[33.893728,27.043931],[33.908702,27.042141],[33.901378,27.058743],[33.883149,27.080797],[33.865977,27.09516],[33.847179,27.107001],[33.836762,27.120754],[33.83253,27.137885],[33.831554,27.15998],[33.830333,27.16592],[33.825369,27.174628],[33.824718,27.180487],[33.826996,27.184149],[33.836111,27.190823],[33.83839,27.194159],[33.840505,27.232082],[33.83839,27.24258],[33.825369,27.259711],[33.805675,27.272121],[33.763357,27.290351],[33.724783,27.313707],[33.691661,27.341864],[33.684825,27.355699],[33.677501,27.400133],[33.671153,27.420396],[33.664073,27.430325],[33.647146,27.446479],[33.640391,27.45482],[33.637218,27.464789],[33.635916,27.486721],[33.632986,27.495836],[33.618175,27.508124],[33.574474,27.525865],[33.557872,27.53677],[33.556977,27.547593],[33.558279,27.557115],[33.560802,27.565172],[33.564708,27.571519],[33.536306,27.616197],[33.519705,27.63581],[33.496349,27.646633],[33.507172,27.663723],[33.526541,27.677558],[33.5442,27.679185],[33.550466,27.659654],[33.557872,27.659654],[33.553966,27.668647],[33.550466,27.673977],[33.550466,27.681383],[33.557872,27.681383],[33.581554,27.654486],[33.592052,27.646633],[33.592052,27.653469],[33.587576,27.659003],[33.577891,27.677436],[33.574962,27.681383],[33.568533,27.683254],[33.550466,27.695054],[33.546153,27.698188],[33.540782,27.704535],[33.536794,27.708075],[33.545909,27.718492],[33.552501,27.731879],[33.556407,27.746283],[33.557872,27.759914],[33.551443,27.761623],[33.53712,27.755764],[33.522716,27.751899],[33.516287,27.759914],[33.511729,27.775092],[33.501231,27.787502],[33.482188,27.804918],[33.475434,27.815863],[33.473481,27.823188],[33.476085,27.83161],[33.482188,27.845893],[33.488943,27.845893],[33.509776,27.834947],[33.536469,27.826077],[33.560069,27.813422],[33.571544,27.791246],[33.585216,27.791246],[33.592052,27.791246],[33.592052,27.797431],[33.587087,27.805121],[33.583263,27.82453],[33.57838,27.832221],[33.57838,27.838446],[33.576182,27.850491],[33.554373,27.89647],[33.547374,27.906684],[33.535411,27.916409],[33.512543,27.959052],[33.441742,28.016547],[33.396658,28.027248],[33.374685,28.035875],[33.366059,28.050686],[33.355479,28.048082],[33.343598,28.050605],[33.336111,28.056789],[33.338145,28.065009],[33.338145,28.071031],[33.336762,28.079169],[33.338145,28.085435],[33.316417,28.096381],[33.283214,28.132392],[33.266124,28.140082],[33.24936,28.14289],[33.246104,28.150458],[33.246755,28.161526],[33.241954,28.174872],[33.233653,28.180325],[33.222179,28.184638],[33.212169,28.189927],[33.200531,28.211371],[33.153087,28.256171],[33.130544,28.284166],[33.126475,28.287502],[33.124685,28.296332],[33.119802,28.308783],[33.112966,28.320014],[33.105317,28.325629],[33.1067,28.347113],[33.087576,28.368598],[33.043224,28.400784],[33.046723,28.401435],[33.049571,28.401353],[33.051036,28.402574],[33.050792,28.406928],[33.041759,28.41413],[33.013031,28.463039],[33.006196,28.483344],[33.00294,28.489488],[32.993826,28.494208],[32.982595,28.496568],[32.972911,28.499823],[32.963552,28.517727],[32.951427,28.530992],[32.927257,28.551581],[32.879568,28.575426],[32.868907,28.578925],[32.865245,28.599555],[32.820649,28.74787],[32.806895,28.778144],[32.784516,28.799384],[32.749197,28.804836],[32.70753,28.85635],[32.703461,28.85871],[32.680837,28.880561],[32.677257,28.890774],[32.676524,28.910956],[32.67335,28.921536],[32.662771,28.934068],[32.632091,28.9619],[32.625499,28.972724],[32.627208,29.00788],[32.632335,29.037584],[32.624685,29.048163],[32.628184,29.057034],[32.638927,29.061347],[32.644216,29.072903],[32.654145,29.080878],[32.659679,29.089097],[32.658946,29.110785],[32.656179,29.120632],[32.628673,29.21894],[32.632335,29.236802],[32.632335,29.243069],[32.618663,29.261176],[32.605479,29.291938],[32.595388,29.324897],[32.591482,29.349514],[32.581228,29.369127],[32.556977,29.397854],[32.528575,29.423651],[32.497325,29.44009],[32.451345,29.487291],[32.43865,29.496772],[32.387706,29.525621],[32.376801,29.536078],[32.368663,29.557196],[32.35963,29.571275],[32.348318,29.585028],[32.337657,29.592475],[32.337657,29.599921],[32.351573,29.613674],[32.357432,29.630561],[32.358084,29.671942],[32.363943,29.688218],[32.392833,29.734361],[32.403005,29.743964],[32.40797,29.751899],[32.491547,29.854071],[32.509532,29.866848],[32.48699,29.871568],[32.472911,29.881985],[32.466807,29.896877],[32.467947,29.915229],[32.476899,29.932196],[32.493907,29.950629],[32.513438,29.961575],[32.53004,29.956204],[32.542735,29.962551],[32.553966,29.962104],[32.561778,29.955227],[32.564138,29.942572],[32.571544,29.942572],[32.570486,29.955756],[32.565603,29.963039],[32.560069,29.968573],[32.557465,29.976467],[32.558604,29.987128],[32.571544,30.01142],[32.57781,30.01142],[32.57545,30.002875],[32.57545,29.997016],[32.57781,29.989691],[32.57781,29.983547],[32.570079,29.982652],[32.566091,29.981024],[32.562755,29.978949],[32.561615,29.976386],[32.563487,29.972398],[32.569021,29.967597],[32.573741,29.962144],[32.57781,29.956204],[32.583507,29.954332],[32.58546,29.95246],[32.583507,29.950629],[32.57781,29.948798],[32.583507,29.943427],[32.584321,29.938707],[32.580414,29.934027],[32.571544,29.9289],[32.612478,29.893744],[32.625336,29.874254],[32.625499,29.84634],[32.619965,29.843166],[32.609548,29.833889],[32.604503,29.824164],[32.625499,29.815253],[32.648448,29.794623],[32.653005,29.788316],[32.656423,29.777086],[32.680837,29.7508],[32.686778,29.741848],[32.690684,29.733629],[32.693126,29.722846],[32.693858,29.706041],[32.691905,29.696519],[32.683279,29.676093],[32.680837,29.661363],[32.682465,29.64704],[32.686046,29.63227],[32.68686,29.61815],[32.680837,29.606147],[32.680837,29.599921],[32.712413,29.580471],[32.724132,29.539537],[32.722504,29.492743],[32.715017,29.455959],[32.728526,29.455959],[32.722911,29.460883],[32.721446,29.467475],[32.723806,29.475287],[32.728526,29.483832],[32.734711,29.483832],[32.735362,29.477281],[32.733653,29.473863],[32.730968,29.471869],[32.728526,29.469631],[32.735688,29.468329],[32.741059,29.466742],[32.745372,29.463121],[32.749197,29.455959],[32.741547,29.455959],[32.790294,29.425442],[32.817231,29.414049],[32.821056,29.39704],[32.817393,29.359768],[32.819102,29.359076],[32.839366,29.31623],[32.845958,29.308336],[32.855235,29.305121],[32.868337,29.297431],[32.875499,29.279486],[32.880138,29.258857],[32.88559,29.243069],[32.898611,29.231024],[32.91977,29.217515],[32.942068,29.20661],[32.957856,29.202094],[33.00294,29.161119],[33.004893,29.158433],[33.007498,29.150336],[33.009125,29.147406],[33.012055,29.145819],[33.020356,29.142483],[33.023448,29.140611],[33.040212,29.118109],[33.043224,29.1164],[33.046641,29.111558],[33.061209,29.101386],[33.064301,29.095933],[33.066173,29.090033],[33.078624,29.064887],[33.089041,29.055976],[33.116059,29.043118],[33.126475,29.031399],[33.136485,29.034613],[33.14503,29.031724],[33.151052,29.024156],[33.153087,29.013373],[33.15919,29.014106],[33.170746,29.003079],[33.177908,28.989569],[33.170584,28.982978],[33.165863,28.97606],[33.167654,28.961086],[33.17156,28.946682],[33.173595,28.941392],[33.177582,28.918362],[33.176036,28.909735],[33.167328,28.900377],[33.167328,28.894232],[33.171397,28.881415],[33.174571,28.836982],[33.181,28.818508],[33.188731,28.812934],[33.19752,28.810004],[33.204763,28.805162],[33.210134,28.785061],[33.215831,28.777167],[33.228282,28.763861],[33.217784,28.741034],[33.204763,28.695014],[33.194835,28.675116],[33.212576,28.645006],[33.219005,28.627997],[33.223155,28.587836],[33.228689,28.569403],[33.239431,28.556586],[33.256196,28.551581],[33.237641,28.566107],[33.246104,28.579495],[33.26295,28.577053],[33.269786,28.544135],[33.262462,28.544135],[33.262462,28.551581],[33.256196,28.544135],[33.267833,28.538886],[33.278819,28.527533],[33.28712,28.515082],[33.290294,28.506903],[33.29477,28.499416],[33.305186,28.489732],[33.369151,28.447943],[33.368988,28.442328],[33.38087,28.430243],[33.400157,28.414455],[33.423188,28.378241],[33.427501,28.376899],[33.43393,28.3664],[33.564708,28.297105],[33.574392,28.280748],[33.597911,28.249742],[33.605642,28.236274],[33.612804,28.240627],[33.618175,28.233303],[33.632986,28.184475],[33.634776,28.181301],[33.643565,28.172309],[33.646658,28.167385],[33.654063,28.167385],[33.654063,28.174872],[33.66033,28.174872],[33.662446,28.168769],[33.665701,28.165717],[33.66977,28.163723],[33.674571,28.160549],[33.672537,28.145982],[33.684337,28.124335],[33.701427,28.103827],[33.715505,28.092922],[33.715994,28.075263],[33.763927,28.049018],[33.763357,28.023993],[33.779145,28.020819],[33.786794,28.017971],[33.793712,28.013129],[33.796886,28.009019],[33.800466,28.000474],[33.80421,27.996039],[33.806895,27.994574],[33.815115,27.991034],[33.849864,27.96483],[33.858897,27.955146],[33.865571,27.96133],[33.879405,27.934638],[33.89088,27.942532],[33.903982,27.941799],[33.916759,27.935736],[33.973806,27.889228],[33.982432,27.88996],[33.987559,27.886664],[34.054454,27.814521],[34.078461,27.800686],[34.174815,27.791246],[34.189789,27.78677],[34.199962,27.782172],[34.208507,27.775946],[34.22755,27.758205],[34.244965,27.737372],[34.249848,27.728583],[34.257335,27.728583],[34.257335,27.736029],[34.252452,27.736477],[34.251231,27.73725],[34.251231,27.739081],[34.249848,27.742825],[34.253754,27.740424],[34.26352,27.736029],[34.258474,27.747789],[34.255056,27.752387],[34.249848,27.756496],[34.249848,27.763332],[34.257335,27.763332],[34.257335,27.769517],[34.221202,27.769843],[34.21811,27.775784],[34.214122,27.79149],[34.216807,27.791938],[34.226085,27.791246],[34.239513,27.794135],[34.259125,27.801703],[34.271739,27.812445],[34.26352,27.824774],[34.272716,27.836168],[34.27947,27.858344],[34.286388,27.864407],[34.292979,27.859849],[34.30128,27.857327],[34.304454,27.852037],[34.31129,27.852037],[34.320974,27.861274],[34.331228,27.891547],[34.338715,27.906684],[34.334483,27.908759],[34.333507,27.909125],[34.333344,27.910102],[34.331309,27.91413],[34.341156,27.915473],[34.354991,27.919501],[34.362559,27.920356],[34.37086,27.923651],[34.376964,27.938178],[34.389985,27.945258],[34.394379,27.953803],[34.397472,27.96308],[34.400727,27.968736],[34.408865,27.972113],[34.434906,27.975572],[34.427419,27.983059],[34.444027,28.053541],[34.426753,28.081544],[34.438639,28.109557],[34.447765,28.14468],[34.448578,28.157172],[34.449962,28.160346],[34.452647,28.163235],[34.455251,28.167467],[34.455333,28.174872],[34.452485,28.180365],[34.443126,28.1883],[34.434337,28.204413],[34.421153,28.218166],[34.412934,28.23314],[34.420584,28.249945],[34.420584,28.256171],[34.41505,28.267076],[34.410655,28.278144],[34.407888,28.291164],[34.406912,28.30801],[34.410167,28.320014],[34.424327,28.344713],[34.427419,28.356106],[34.429373,28.356757],[34.441173,28.373481],[34.444835,28.384467],[34.454275,28.4289],[34.461681,28.442043],[34.475271,28.447943],[34.47283,28.452826],[34.471934,28.453274],[34.469005,28.45539],[34.48878,28.472724],[34.511567,28.487779],[34.523611,28.50731],[34.51059,28.537991],[34.51531,28.537421],[34.516449,28.538967],[34.516368,28.54149],[34.517345,28.544135],[34.530121,28.572699],[34.570323,28.626166],[34.584239,28.672349],[34.607677,28.701483],[34.613048,28.719184],[34.615245,28.724189],[34.619884,28.729193],[34.624522,28.735989],[34.62672,28.746487],[34.625011,28.75373],[34.622813,28.759833],[34.62436,28.765326],[34.633474,28.770697],[34.627289,28.782538],[34.624034,28.787055],[34.620453,28.790595],[34.626313,28.802395],[34.626313,28.816962],[34.623383,28.830552],[34.620453,28.839586],[34.620453,28.845852],[34.647146,28.86286],[34.646007,28.922349],[34.640961,28.942694],[34.64031,28.948798],[34.64324,28.962063],[34.646739,28.967434],[34.669119,28.98017],[34.678233,28.98314],[34.68572,28.988674],[34.688731,29.000393],[34.686534,29.012437],[34.676606,29.024807],[34.674571,29.03441],[34.677013,29.094916],[34.674571,29.106513],[34.683849,29.119045],[34.690115,29.134467],[34.693858,29.150458],[34.694998,29.164496],[34.700369,29.170356],[34.712087,29.177436],[34.723643,29.186672],[34.729015,29.19892],[34.729015,29.250474],[34.734141,29.263129],[34.741954,29.277004],[34.745291,29.291327],[34.736583,29.305121],[34.736583,29.311265],[34.744965,29.315823],[34.749766,29.321194],[34.75294,29.327094],[34.757009,29.333075],[34.761974,29.336859],[34.772716,29.341864],[34.777599,29.346096],[34.800629,29.377875],[34.812266,29.387641],[34.805919,29.392564],[34.805186,29.39643],[34.809581,29.399115],[34.819102,29.400702],[34.815196,29.406399],[34.817638,29.412177],[34.824229,29.417385],[34.832774,29.421129],[34.833263,29.426174],[34.831716,29.427639],[34.828868,29.42772],[34.825369,29.428616],[34.838145,29.432929],[34.843761,29.440823],[34.847016,29.451117],[34.85255,29.462795],[34.859711,29.472154],[34.866873,29.479193],[34.875336,29.484809],[34.886729,29.490058],[34.893728,29.490546],[34.903005,29.489691],[34.910818,29.489936],[34.914073,29.493801],[34.915782,29.50023],[34.91977,29.507392],[34.927745,29.518012],[34.944998,29.536851],[34.951345,29.54564],[34.955577,29.558987],[34.960216,29.559516],[34.961599,29.558092],[34.961599,29.555406],[34.962413,29.552151],[34.976085,29.552151],[34.996837,29.533881],[34.997813,29.517971],[34.976085,29.477037],[34.969005,29.450832],[34.962413,29.359768],[34.949392,29.351711],[34.945323,29.3369],[34.948009,29.319973],[34.955577,29.305121],[34.950694,29.305732],[34.949392,29.304267],[34.949229,29.3015],[34.94809,29.298285],[34.936371,29.30386],[34.932628,29.289252],[34.935232,29.267279],[34.942068,29.250474],[34.918956,29.239081],[34.909353,29.230658],[34.907888,29.216376],[34.909353,29.21015],[34.898204,29.18773],[34.893565,29.17475],[34.873546,29.085273],[34.864024,29.063666],[34.85255,29.045071],[34.85255,29.031399],[34.86378,29.006252],[34.856293,28.963813],[34.840099,28.922431],[34.825369,28.900377],[34.825369,28.894232],[34.84197,28.889635],[34.844086,28.87641],[34.832774,28.845852],[34.832774,28.839586],[34.838552,28.828559],[34.836111,28.816474],[34.819102,28.790595],[34.825369,28.790595],[34.825369,28.784369],[34.809825,28.757961],[34.796886,28.725816],[34.77847,28.6645],[34.793432,28.619434],[34.796173,28.572185],[34.803775,28.527133],[34.775076,28.483344],[34.767914,28.466457],[34.76059,28.436591],[34.741059,28.41059],[34.730479,28.363593],[34.715017,28.32746],[34.694672,28.29442],[34.674571,28.277248],[34.680431,28.271674],[34.682953,28.27383],[34.688731,28.277289],[34.688243,28.266791],[34.688731,28.263617],[34.685313,28.265937],[34.678396,28.268459],[34.674571,28.270453],[34.664887,28.224514],[34.668305,28.215766],[34.668305,28.20897],[34.657237,28.206285],[34.649587,28.200873],[34.648123,28.194241],[34.655284,28.187893],[34.655284,28.181057],[34.660899,28.181057],[34.657725,28.170559],[34.651703,28.167792],[34.643403,28.170233],[34.633474,28.174872],[34.635265,28.175727],[34.638031,28.175442],[34.64031,28.176418],[34.64031,28.181057],[34.632498,28.179389],[34.627126,28.176663],[34.623383,28.172675],[34.620453,28.167385],[34.62672,28.160549],[34.620942,28.157375],[34.612478,28.150336],[34.606212,28.147528],[34.605642,28.142564],[34.596934,28.138902],[34.587413,28.131822],[34.572765,28.112779],[34.578868,28.105902],[34.574392,28.094062],[34.598888,28.103258],[34.606212,28.096015],[34.6067,28.071845],[34.608653,28.058824],[34.613048,28.044501],[34.620453,28.037665],[34.617361,28.035468],[34.615733,28.035712],[34.614757,28.03498],[34.613048,28.030219],[34.63502,28.033271],[34.641449,28.041693],[34.642345,28.054592],[34.647146,28.071194],[34.655284,28.065009],[34.657481,28.066962],[34.658946,28.069159],[34.661794,28.070787],[34.668305,28.071194],[34.668305,28.078599],[34.647146,28.092922],[34.647146,28.099107],[34.653575,28.103583],[34.667003,28.10871],[34.674571,28.112779],[34.677745,28.120795],[34.678396,28.130764],[34.681977,28.135159],[34.694998,28.126451],[34.698497,28.131537],[34.702485,28.134996],[34.706309,28.1376],[34.709239,28.140082],[34.715343,28.127631],[34.718923,28.123033],[34.725108,28.115058],[34.727387,28.112128],[34.736583,28.105902],[34.742442,28.111558],[34.747325,28.112006],[34.751964,28.107611],[34.757009,28.099107],[34.764985,28.099107],[34.764985,28.105902],[34.770763,28.105902],[34.770844,28.102729],[34.770356,28.096137],[34.770763,28.092922],[34.77589,28.094957],[34.777354,28.096177],[34.778982,28.095771],[34.784434,28.092922],[34.786469,28.104722],[34.793712,28.11107],[34.804942,28.113349],[34.819102,28.112779],[34.81837,28.107123],[34.818533,28.102932],[34.819102,28.099107],[34.809418,28.095404],[34.801606,28.090399],[34.795746,28.084621],[34.791759,28.078599],[34.795258,28.077297],[34.798676,28.076809],[34.801768,28.075385],[34.804861,28.071194],[34.814301,28.088935],[34.821625,28.095771],[34.832774,28.099107],[34.832774,28.105902],[34.825369,28.105902],[34.825369,28.112779],[34.836762,28.116278],[34.847016,28.117621],[34.8567,28.116441],[34.866222,28.112779],[34.856944,28.109849],[34.847667,28.105536],[34.842621,28.09984],[34.846446,28.092922],[34.846446,28.085435],[34.838878,28.085435],[34.838878,28.078599],[34.842947,28.076402],[34.843761,28.076321],[34.846446,28.071194],[34.860199,28.085395],[34.880626,28.085639],[34.90089,28.082261],[34.914073,28.085435],[34.920909,28.085435],[34.920909,28.078599],[34.927745,28.078599],[34.931326,28.086005],[34.937266,28.091254],[34.945486,28.095364],[34.975841,28.10342],[34.986013,28.10932],[34.997895,28.114203],[35.009532,28.110541],[35.020681,28.103746],[35.030772,28.099107],[35.026215,28.102973],[35.022472,28.107856],[35.019705,28.113471],[35.030284,28.113471],[35.042003,28.113023],[35.051931,28.119574],[35.098643,28.089748],[35.110362,28.078925],[35.119395,28.077948],[35.137218,28.078599],[35.144786,28.076402],[35.151866,28.071031],[35.157725,28.064358],[35.161794,28.058173],[35.167817,28.058173],[35.167817,28.065009],[35.174653,28.065009],[35.182628,28.061916],[35.210297,28.056586],[35.216319,28.054389],[35.225841,28.038764],[35.226899,28.033149],[35.216319,28.037665],[35.199067,28.028225],[35.176524,28.019477],[35.163585,28.009345],[35.174653,27.996039],[35.181488,27.996039],[35.181488,28.002916],[35.229991,27.968736],[35.245616,27.962348],[35.255219,27.952786],[35.271007,27.927802],[35.322765,27.876288],[35.332367,27.862209],[35.336762,27.833686],[35.346853,27.815009],[35.351329,27.801418],[35.356944,27.794379],[35.364757,27.7897],[35.384939,27.78262],[35.394379,27.777004],[35.41505,27.75137],[35.440766,27.690253],[35.458995,27.663398],[35.491954,27.632392],[35.500255,27.61933],[35.506196,27.600531],[35.506847,27.564439],[35.510509,27.544176],[35.521495,27.518459],[35.559581,27.455634],[35.589854,27.4289],[35.61671,27.389635],[35.640391,27.363471],[35.652599,27.353827],[35.699962,27.324774],[35.784028,27.2355],[35.807953,27.20307],[35.812836,27.191067],[35.810557,27.18244],[35.800792,27.168158],[35.798595,27.15998],[35.799815,27.150092],[35.803071,27.142076],[35.831716,27.092719],[35.911876,26.999579],[35.976736,26.94774],[36.000255,26.91352],[36.013927,26.90233],[36.031993,26.906806],[36.051768,26.844672],[36.081879,26.797268],[36.097667,26.753974],[36.124197,26.726752],[36.18214,26.680243],[36.229828,26.625556],[36.30893,26.498236],[36.382823,26.33454],[36.42628,26.281806],[36.449229,26.246894],[36.512706,26.110989],[36.536632,26.082424],[36.57252,26.070705],[36.605642,26.068264],[36.640636,26.060207],[36.672374,26.045233],[36.696056,26.022284],[36.705577,25.999335],[36.709483,25.971137],[36.705821,25.943752],[36.692638,25.923285],[36.671641,25.901435],[36.66212,25.879096],[36.663422,25.855658],[36.675629,25.830512],[36.681814,25.825588],[36.693858,25.822903],[36.696056,25.817125],[36.694835,25.7956],[36.696056,25.789537],[36.702322,25.779975],[36.724946,25.753892],[36.733897,25.748521],[36.748871,25.743883],[36.779552,25.724066],[36.792247,25.720608],[36.803966,25.726793],[36.800466,25.736721],[36.793712,25.748277],[36.795665,25.759467],[36.817393,25.757961],[36.842296,25.729804],[36.881602,25.672838],[36.894298,25.665595],[36.923513,25.654771],[36.93629,25.646145],[36.944102,25.635199],[36.958263,25.60635],[36.96697,25.594306],[36.969981,25.588568],[36.969005,25.576158],[36.970388,25.570461],[36.975597,25.565131],[36.989268,25.556952],[36.994477,25.549954],[37.01059,25.507392],[37.01824,25.494696],[37.062673,25.453681],[37.077403,25.431057],[37.059825,25.419623],[37.064626,25.409735],[37.079845,25.394599],[37.086436,25.385443],[37.088878,25.376776],[37.090994,25.354397],[37.093272,25.344468],[37.105317,25.32217],[37.122569,25.299547],[37.142345,25.279771],[37.162283,25.265692],[37.170665,25.257799],[37.180024,25.239081],[37.189464,25.231187],[37.200206,25.224189],[37.211681,25.21426],[37.230479,25.193671],[37.242198,25.175279],[37.250743,25.155463],[37.256033,25.134101],[37.257823,25.111477],[37.251475,25.052558],[37.257823,25.028551],[37.277029,24.98664],[37.279959,24.964097],[37.258067,24.92178],[37.256602,24.871243],[37.244151,24.854438],[37.218923,24.846625],[37.196544,24.847235],[37.174083,24.850572],[37.148611,24.85102],[37.165782,24.815497],[37.178722,24.799384],[37.1963,24.789618],[37.206798,24.791002],[37.219737,24.802802],[37.227061,24.799547],[37.230317,24.792548],[37.231293,24.78262],[37.230479,24.772691],[37.227061,24.765367],[37.228526,24.737698],[37.25766,24.702338],[37.31923,24.624239],[37.456669,24.441249],[37.463208,24.422546],[37.454954,24.406871],[37.435246,24.418874],[37.427854,24.421132],[37.417958,24.400966],[37.429403,24.367307],[37.464661,24.339588],[37.48675,24.311147],[37.500636,24.2887],[37.52272,24.267732],[37.545706,24.274411],[37.575174,24.261637],[37.585775,24.246662],[37.628394,24.24804],[37.622735,24.268237],[37.625987,24.28144],[37.640961,24.291693],[37.652322,24.290566],[37.676091,24.291236],[37.695712,24.279213],[37.710413,24.266457],[37.728407,24.257422],[37.745585,24.249884],[37.758661,24.241612],[37.767589,24.221393],[37.806407,24.193264],[37.82016,24.181708],[37.865634,24.149888],[37.89601,24.157208],[37.918133,24.149593],[37.923905,24.155547],[37.923126,24.164534],[37.921542,24.177268],[37.918299,24.186267],[37.912577,24.191538],[37.918366,24.201232],[37.93069,24.203406],[37.937292,24.21085],[37.94795,24.207047],[37.943772,24.191356],[37.9322,24.174211],[37.93953,24.161441],[37.958457,24.170309],[37.97326,24.174709],[37.983072,24.165664],[37.958421,24.162076],[37.941124,24.150951],[37.935321,24.139007],[37.966416,24.117094],[38.007579,24.093085],[38.023204,24.08161],[38.045729,24.06739],[38.053968,24.072323],[38.062881,24.076006],[38.071069,24.07408],[38.079135,24.070388],[38.109117,24.043892],[38.126179,24.029428],[38.146636,24.014909],[38.165641,23.992923],[38.185356,23.975929],[38.198281,23.967098],[38.22209,23.952574],[38.238469,23.950583],[38.258906,23.944819],[38.275401,23.933824],[38.283338,23.9278],[38.299563,23.910222],[38.309337,23.893378],[38.319133,23.886385],[38.332707,23.879426],[38.348888,23.87519],[38.365348,23.870448],[38.377481,23.856017],[38.385493,23.838504],[38.390126,23.824131],[38.399571,23.814086],[38.41627,23.808905],[38.427094,23.806708],[38.437022,23.802069],[38.452647,23.784003],[38.459972,23.76081],[38.464366,23.73607],[38.471365,23.713324],[38.494849,23.644635],[38.539223,23.591869],[38.540064,23.543245],[38.562022,23.524359],[38.59547,23.52147],[38.59547,23.528388],[38.570323,23.536933],[38.560883,23.545722],[38.559906,23.562486],[38.568044,23.562486],[38.577891,23.556627],[38.600175,23.568249],[38.601573,23.551947],[38.604747,23.535386],[38.612153,23.524319],[38.628917,23.50788],[38.631244,23.490047],[38.637113,23.468169],[38.64087,23.440074],[38.646537,23.400726],[38.659331,23.37179],[38.672869,23.348151],[38.680417,23.318251],[38.680254,23.303795],[38.688918,23.28654],[38.691713,23.27296],[38.703949,23.257758],[38.711436,23.235745],[38.729259,23.216254],[38.747689,23.182957],[38.765115,23.161101],[38.777619,23.139292],[38.78666,23.154558],[38.79835,23.149604],[38.799213,23.137263],[38.803928,23.121856],[38.806407,23.093248],[38.804373,23.07925],[38.798676,23.064643],[38.790212,23.051337],[38.779063,23.041164],[38.799571,22.998684],[38.81422,22.982733],[38.834321,22.986518],[38.851085,22.977973],[38.873871,22.972805],[38.893891,22.965155],[38.902599,22.949286],[38.905284,22.938463],[38.911469,22.928453],[38.919607,22.921088],[38.926931,22.918199],[38.937348,22.912095],[38.954275,22.881903],[38.964692,22.870429],[38.958832,22.859117],[38.95102,22.851955],[38.941417,22.850531],[38.930512,22.856757],[38.912852,22.861965],[38.880407,22.928494],[38.851175,22.943275],[38.851001,22.929721],[38.902599,22.843166],[38.929852,22.815018],[38.957714,22.774961],[38.970876,22.746894],[38.978282,22.75373],[38.971446,22.763861],[38.969005,22.77383],[38.967947,22.784003],[38.964692,22.794664],[38.958018,22.803616],[38.94044,22.820787],[38.936778,22.826361],[38.945486,22.831204],[38.965017,22.816311],[39.013031,22.766791],[39.014659,22.758979],[38.988292,22.736396],[38.985688,22.72427],[38.993012,22.708564],[39.012462,22.678656],[39.038585,22.622707],[39.066254,22.587551],[39.073988,22.574175],[39.081517,22.546792],[39.07422,22.490973],[39.082071,22.436285],[39.069227,22.39449],[39.070256,22.365828],[39.0948,22.370183],[39.101248,22.380439],[39.108165,22.408922],[39.114919,22.418606],[39.127615,22.42121],[39.13738,22.4147],[39.142751,22.403225],[39.142751,22.390611],[39.139496,22.386379],[39.122325,22.370185],[39.108653,22.342231],[39.09962,22.331732],[39.090587,22.323391],[39.083507,22.313544],[39.073253,22.271145],[39.040375,22.235785],[39.03297,22.208808],[39.03297,22.167792],[39.029307,22.153225],[39.022716,22.142483],[39.019298,22.131578],[39.026134,22.116889],[39.040375,22.151068],[39.046641,22.151068],[39.044444,22.130805],[39.035004,22.091132],[39.03297,22.072211],[39.03004,22.067084],[39.016612,22.058092],[39.012462,22.054267],[39.01002,22.043606],[39.01002,22.024115],[39.005693,22.002005],[38.986214,22.002239],[38.959144,22.034443],[38.932655,22.025186],[38.931254,22.006073],[38.949598,21.921916],[38.978554,21.862074],[39.012462,21.822089],[39.014496,21.818752],[39.017263,21.811184],[39.019298,21.807807],[39.031016,21.801459],[39.03297,21.800971],[39.035899,21.792629],[39.037364,21.776068],[39.040375,21.766832],[39.045421,21.758734],[39.04949,21.754828],[39.053884,21.751858],[39.060313,21.746405],[39.063731,21.737942],[39.063487,21.730048],[39.066742,21.725246],[39.08074,21.725816],[39.08839,21.730455],[39.093598,21.739163],[39.101248,21.759996],[39.10906,21.747789],[39.108572,21.732123],[39.103526,21.718573],[39.098155,21.712836],[39.079356,21.706366],[39.077403,21.691555],[39.088145,21.664455],[39.09018,21.63703],[39.088715,21.605862],[39.092296,21.576565],[39.108653,21.554592],[39.101248,21.548407],[39.110362,21.528144],[39.119802,21.516913],[39.130056,21.519599],[39.142751,21.54092],[39.158946,21.507799],[39.160411,21.494452],[39.149669,21.485663],[39.149669,21.480129],[39.164724,21.464911],[39.172374,21.436021],[39.171072,21.40412],[39.159923,21.379828],[39.08074,21.315009],[39.11199,21.268215],[39.125743,21.260403],[39.163259,21.205878],[39.170177,21.191474],[39.168224,21.185289],[39.158702,21.172593],[39.156505,21.167548],[39.158702,21.155911],[39.167979,21.136298],[39.174327,21.108873],[39.185395,21.097235],[39.22755,21.069281],[39.23406,21.067206],[39.237804,21.062893],[39.239024,21.05093],[39.242035,21.041693],[39.255707,21.032945],[39.258962,21.023871],[39.259532,20.999823],[39.26238,20.983059],[39.268728,20.968573],[39.296886,20.927965],[39.29713,20.923977],[39.306814,20.926093],[39.317393,20.930121],[39.32781,20.93183],[39.337413,20.927395],[39.34547,20.922187],[39.352794,20.919867],[39.358409,20.915351],[39.361827,20.90351],[39.35963,20.896715],[39.35255,20.898912],[39.344981,20.905178],[39.340831,20.910305],[39.339122,20.887437],[39.359711,20.862616],[39.388357,20.841132],[39.409679,20.828355],[39.411306,20.846869],[39.416759,20.846503],[39.430186,20.828355],[39.437266,20.825751],[39.444021,20.827623],[39.448741,20.827297],[39.450694,20.817816],[39.451182,20.811591],[39.452647,20.806138],[39.45753,20.794257],[39.445567,20.796861],[39.435395,20.800767],[39.427745,20.806383],[39.42335,20.814114],[39.417654,20.805325],[39.416759,20.797756],[39.420909,20.791693],[39.430186,20.787421],[39.423188,20.771715],[39.43629,20.756659],[39.458263,20.744859],[39.477875,20.738959],[39.470714,20.742011],[39.46461,20.746039],[39.459972,20.751654],[39.45753,20.759467],[39.471365,20.757473],[39.506033,20.746405],[39.489919,20.722886],[39.492931,20.706244],[39.526378,20.670722],[39.531016,20.659491],[39.536957,20.630276],[39.543468,20.619208],[39.566661,20.598293],[39.579356,20.591376],[39.594737,20.588772],[39.591075,20.580268],[39.585297,20.575873],[39.577403,20.57453],[39.567393,20.575141],[39.567393,20.567694],[39.587087,20.552151],[39.646495,20.461575],[39.673595,20.436225],[39.727387,20.396918],[39.74464,20.381171],[39.760102,20.350816],[39.778331,20.342719],[39.798188,20.337388],[39.81129,20.331488],[39.825369,20.320054],[39.923188,20.263577],[39.940684,20.259182],[39.947113,20.262152],[39.941091,20.268541],[39.931407,20.274726],[39.926606,20.276842],[39.918305,20.283515],[39.910167,20.288479],[39.904307,20.295559],[39.903087,20.308254],[39.925304,20.299384],[39.968028,20.275092],[39.991954,20.266669],[40.000336,20.275133],[40.020356,20.28205],[40.045177,20.286119],[40.067638,20.286526],[40.083832,20.279242],[40.115571,20.251654],[40.125987,20.245551],[40.125011,20.241116],[40.133962,20.231513],[40.149587,20.218207],[40.158946,20.20539],[40.164806,20.200385],[40.195649,20.19599],[40.221853,20.189032],[40.23878,20.178046],[40.232107,20.16356],[40.267833,20.125312],[40.313487,20.090725],[40.333751,20.079535],[40.352224,20.074856],[40.36085,20.07392],[40.385509,20.068101],[40.393565,20.064276],[40.418468,20.031195],[40.427582,20.026435],[40.436371,20.023342],[40.445567,20.009711],[40.4546,20.006578],[40.492198,19.984849],[40.522634,19.97248],[40.534516,19.961819],[40.540538,19.943915],[40.528005,19.917548],[40.527029,19.910346],[40.533539,19.903998],[40.564464,19.885891],[40.605154,19.829535],[40.619477,19.82099],[40.620372,19.812079],[40.628673,19.792141],[40.641612,19.771226],[40.656586,19.759508],[40.64503,19.784735],[40.654063,19.794338],[40.674001,19.794989],[40.725434,19.789252],[40.744884,19.777004],[40.790863,19.714057],[40.798025,19.692328],[40.800629,19.642239],[40.794444,19.601264],[40.771251,19.613511],[40.760427,19.614936],[40.760427,19.60871],[40.784679,19.59634],[40.83546,19.546617],[40.859141,19.534491],[40.944672,19.505683],[40.946951,19.49372],[40.952485,19.485256],[40.9546,19.474799],[40.952159,19.464057],[40.959239,19.456],[40.954356,19.448676],[40.945079,19.44066],[40.938324,19.430569],[40.937673,19.419379],[40.943126,19.403306],[40.944672,19.392727],[40.946951,19.384182],[40.956716,19.368638],[40.958995,19.358588],[40.957693,19.346422],[40.955903,19.343329],[40.982921,19.322699],[40.998302,19.314927],[41.009125,19.304023],[41.01352,19.282864],[41.017833,19.273993],[41.036143,19.264553],[41.040212,19.255845],[41.041677,19.245754],[41.047537,19.227444],[41.048188,19.217719],[41.040701,19.194648],[41.040212,19.183539],[41.0442,19.17414],[41.05836,19.152981],[41.068614,19.125393],[41.086436,19.113593],[41.129649,19.10163],[41.149425,19.093736],[41.167817,19.082221],[41.176524,19.067369],[41.163748,19.042955],[41.158865,19.022162],[41.156749,19.003852],[41.153087,18.996039],[41.148204,18.988471],[41.143321,18.977484],[41.137218,18.957709],[41.135753,18.946926],[41.136485,18.93651],[41.140961,18.933295],[41.16033,18.908881],[41.160899,18.902981],[41.171235,18.871649],[41.212169,18.862006],[41.213227,18.860419],[41.235362,18.849107],[41.239513,18.848334],[41.249034,18.834174],[41.247813,18.828437],[41.242524,18.824897],[41.239513,18.817043],[41.236013,18.796617],[41.212169,18.731024],[41.209239,18.711615],[41.210216,18.697943],[41.216563,18.686347],[41.229259,18.673326],[41.240571,18.657945],[41.267345,18.601304],[41.275401,18.592027],[41.285818,18.583808],[41.296886,18.577338],[41.307791,18.573432],[41.311697,18.575344],[41.322113,18.585639],[41.328298,18.587633],[41.329845,18.585435],[41.334321,18.580552],[41.34018,18.575629],[41.355724,18.569037],[41.363292,18.558661],[41.368175,18.546291],[41.369802,18.535834],[41.375255,18.529486],[41.411469,18.505764],[41.413341,18.499335],[41.41391,18.489976],[41.415782,18.481513],[41.421072,18.477769],[41.428396,18.476874],[41.432953,18.47427],[41.435802,18.469957],[41.438162,18.464179],[41.439708,18.41059],[41.441905,18.402086],[41.444672,18.393988],[41.450857,18.356024],[41.455414,18.344062],[41.46461,18.330959],[41.472016,18.311957],[41.475352,18.292873],[41.472179,18.279202],[41.487641,18.280829],[41.500499,18.278998],[41.506358,18.272203],[41.500173,18.258734],[41.505626,18.251776],[41.504649,18.242987],[41.499766,18.233344],[41.493337,18.223944],[41.507172,18.228258],[41.518565,18.227973],[41.527517,18.222317],[41.533702,18.210354],[41.528087,18.20718],[41.525727,18.204291],[41.524181,18.200995],[41.521332,18.196682],[41.540701,18.191881],[41.561046,18.189846],[41.556407,18.174302],[41.562022,18.168158],[41.570811,18.165188],[41.575206,18.15941],[41.577973,18.146389],[41.585134,18.135403],[41.60255,18.114691],[41.593516,18.095893],[41.608897,18.075181],[41.651052,18.039008],[41.652599,18.03144],[41.65211,18.02265],[41.653575,18.015326],[41.660899,18.012356],[41.673676,18.009263],[41.675304,18.001288],[41.672374,17.990139],[41.670909,17.977525],[41.677257,17.960598],[41.719249,17.909247],[41.739268,17.890692],[41.760753,17.876532],[41.778331,17.859809],[41.787608,17.833564],[41.810395,17.8369],[41.84783,17.811957],[41.869477,17.820502],[41.928722,17.767157],[41.938975,17.761868],[41.969737,17.719794],[41.97934,17.710639],[41.984874,17.710639],[41.992442,17.712714],[41.998709,17.715481],[42.000499,17.717475],[42.043793,17.674302],[42.048839,17.665676],[42.053233,17.653225],[42.063487,17.650865],[42.086192,17.655422],[42.093516,17.652086],[42.097667,17.644355],[42.103526,17.627509],[42.123302,17.600775],[42.134044,17.57982],[42.14088,17.571194],[42.143809,17.576606],[42.152843,17.573798],[42.26059,17.485053],[42.266775,17.473578],[42.268565,17.46483],[42.273611,17.459947],[42.281423,17.457913],[42.291677,17.457424],[42.301524,17.453599],[42.307872,17.444322],[42.315196,17.422065],[42.316661,17.400824],[42.31072,17.350979],[42.315196,17.333238],[42.321625,17.309272],[42.339122,17.17357],[42.35255,17.13467],[42.3567,17.114163],[42.35727,17.0456],[42.362966,17.024807],[42.373871,17.04328],[42.36378,17.10871],[42.384044,17.120998],[42.366466,17.149319],[42.359223,17.165188],[42.3567,17.18244],[42.401703,17.16352],[42.410818,17.155748],[42.415538,17.142035],[42.420584,17.107733],[42.425059,17.093085],[42.437511,17.065131],[42.44752,17.049018],[42.459727,17.038479],[42.473969,17.037258],[42.494477,17.038398],[42.512706,17.037014],[42.520681,17.028225],[42.524913,17.01496],[42.534516,17.010321],[42.5442,17.00434],[42.548595,16.98725],[42.548513,16.938137],[42.555675,16.922065],[42.541759,16.877997],[42.575857,16.832343],[42.586925,16.837958],[42.596934,16.836819],[42.628917,16.819892],[42.635753,16.815172],[42.65919,16.789984],[42.671886,16.771918],[42.678233,16.764716],[42.706309,16.740627],[42.712413,16.730618],[42.701508,16.723334],[42.703868,16.709052],[42.713878,16.693671],[42.725922,16.682807],[42.719249,16.67536],[42.737315,16.671129],[42.737641,16.652818],[42.725922,16.610175],[42.724946,16.566352],[42.728689,16.547187],[42.739757,16.524563],[42.788259,16.471869],[42.794932,16.452826],[42.781261,16.420233],[42.788259,16.409857],[42.788097,16.373684],[42.78948,16.370958],[42.790701,16.368638],[42.798839,16.358466],[42.801768,16.353217],[42.802989,16.347357],[42.803071,16.342353],[42.802582,16.339423],[42.801768,16.340155],[42.807628,16.319566],[42.808849,16.312649],[42.812755,16.238267],[42.840099,16.097805],[42.843272,16.052191],[42.834809,15.915351],[42.830333,15.892524],[42.819998,15.874945],[42.801768,15.860338],[42.783458,15.849433],[42.765798,15.835761],[42.752452,15.816392],[42.747244,15.788398],[42.746918,15.77265],[42.745779,15.761949],[42.74171,15.753241],[42.733409,15.743069],[42.721039,15.732815],[42.709239,15.725898],[42.699229,15.717434],[42.691905,15.702094],[42.713634,15.694729],[42.716075,15.679836],[42.705577,15.644355],[42.708263,15.627834],[42.714854,15.613959],[42.723888,15.6022],[42.733409,15.592231],[42.721365,15.578192],[42.719249,15.570014],[42.759939,15.516059],[42.774262,15.491034],[42.778331,15.47899],[42.780528,15.467475],[42.781261,15.455715],[42.779959,15.443183],[42.77768,15.432807],[42.777192,15.421942],[42.781261,15.407904],[42.797374,15.379706],[42.806895,15.344306],[42.809093,15.267768],[42.803071,15.245185],[42.788097,15.229722],[42.791677,15.226304],[42.794607,15.222602],[42.795909,15.217353],[42.794932,15.209296],[42.781993,15.215074],[42.778575,15.221625],[42.781261,15.240302],[42.779145,15.253323],[42.774262,15.260443],[42.733735,15.293891],[42.718516,15.303127],[42.699392,15.311672],[42.707856,15.321519],[42.715099,15.336982],[42.717621,15.353461],[42.712413,15.366278],[42.704275,15.355455],[42.678233,15.308295],[42.680675,15.296047],[42.690929,15.281236],[42.691905,15.270697],[42.688731,15.257025],[42.682628,15.246487],[42.671723,15.239651],[42.654633,15.237209],[42.621349,15.244696],[42.610118,15.243598],[42.61671,15.229722],[42.618012,15.207506],[42.637706,15.190863],[42.660411,15.182563],[42.671397,15.18537],[42.676931,15.205797],[42.691417,15.21426],[42.711274,15.21426],[42.733409,15.209296],[42.754731,15.201809],[42.776703,15.191392],[42.796886,15.178697],[42.828949,15.15176],[42.864024,15.13642],[42.877452,15.119859],[42.882335,15.102484],[42.877452,15.048529],[42.880138,15.024848],[42.887218,15.008205],[42.898123,14.995266],[42.923595,14.971422],[42.93214,14.960842],[42.937266,14.948472],[42.941661,14.915351],[42.952322,14.879543],[42.953136,14.859198],[42.946788,14.825873],[42.945649,14.811428],[42.926606,14.823228],[42.910411,14.841376],[42.898285,14.861762],[42.891124,14.880316],[42.890961,14.891425],[42.894054,14.899319],[42.895763,14.905992],[42.891124,14.913804],[42.883311,14.915513],[42.881602,14.904608],[42.883637,14.883694],[42.894542,14.84748],[42.942231,14.788886],[42.953136,14.75373],[42.954112,14.742662],[42.961681,14.708564],[42.966563,14.70185],[42.971446,14.697008],[42.973806,14.691881],[42.976817,14.688381],[42.983653,14.685126],[42.990489,14.68008],[42.994802,14.667914],[42.997325,14.666205],[42.999848,14.663316],[43.000987,14.657172],[42.99879,14.651272],[42.989513,14.641059],[42.987315,14.633857],[42.998057,14.601508],[43.017589,14.571234],[43.028656,14.537991],[43.014008,14.496772],[43.02003,14.484605],[43.021983,14.471096],[43.021495,14.442084],[43.006114,14.454779],[42.994151,14.500474],[42.983653,14.520331],[42.973481,14.528469],[42.965994,14.53026],[42.961192,14.525377],[42.959321,14.513495],[42.96339,14.507758],[42.9817,14.494778],[42.987315,14.489244],[42.989919,14.480211],[42.9935,14.44831],[43.006114,14.41942],[43.010997,14.388414],[43.019054,14.368354],[43.047563,14.275508],[43.065917,14.224865],[43.075792,14.194759],[43.084253,14.159187],[43.09552,14.083956],[43.118067,14.052492],[43.139193,14.007348],[43.161717,13.95399],[43.227306,13.885443],[43.233165,13.87637],[43.2435,13.794338],[43.247895,13.783677],[43.280935,13.722113],[43.28533,13.686591],[43.281993,13.617133],[43.295177,13.585598],[43.284516,13.58039],[43.280284,13.574123],[43.278494,13.566596],[43.274669,13.557603],[43.254242,13.526557],[43.248302,13.348944],[43.239594,13.315131],[43.226329,13.283881],[43.248871,13.212714],[43.308849,13.139309],[43.312999,13.131252],[43.32252,13.10578],[43.334727,13.08218],[43.336192,13.074408],[43.341807,13.062649],[43.377126,13.023179],[43.386404,13.00727],[43.392914,12.989691],[43.396821,12.970852],[43.398204,12.951158],[43.401378,12.943427],[43.408458,12.936957],[43.415538,12.9289],[43.418712,12.916449],[43.422618,12.906195],[43.452891,12.878607],[43.473155,12.846625],[43.481944,12.812079],[43.481212,12.773424],[43.46225,12.693345],[43.468028,12.683905],[43.490733,12.680609],[43.511729,12.683173],[43.525564,12.690375],[43.530772,12.695502],[43.587738,12.75137],[43.600597,12.756293],[43.60963,12.75434],[43.619395,12.749579],[43.634613,12.738674],[43.644054,12.734565],[43.679454,12.735256],[43.699474,12.727851],[43.737804,12.705756],[43.751475,12.701117],[43.773774,12.699408],[43.794688,12.694892],[43.813487,12.688381],[43.8296,12.680609],[43.857758,12.662543],[43.874197,12.655463],[43.894786,12.652655],[43.909434,12.645331],[43.927094,12.610175],[43.9463,12.598049],[43.961436,12.599595],[43.99171,12.612128],[44.0171,12.603705],[44.033702,12.604315],[44.062348,12.611721],[44.121349,12.643378],[44.153494,12.655951],[44.179698,12.652655],[44.191173,12.660468],[44.198009,12.652248],[44.198416,12.639065],[44.189952,12.632148],[44.176117,12.633246],[44.151622,12.637885],[44.138031,12.638983],[44.149425,12.624986],[44.169119,12.61815],[44.191173,12.619127],[44.228526,12.638658],[44.247325,12.638983],[44.267345,12.636786],[44.289561,12.638983],[44.35434,12.669338],[44.383474,12.676337],[44.406993,12.685248],[44.411794,12.684027],[44.415538,12.670152],[44.423513,12.675971],[44.430837,12.688178],[44.432953,12.69359],[44.489919,12.753485],[44.542817,12.797309],[44.572765,12.811591],[44.610606,12.819566],[44.652354,12.817939],[44.693614,12.803453],[44.706879,12.793647],[44.719249,12.780097],[44.725597,12.766506],[44.720958,12.756293],[44.722911,12.752346],[44.726736,12.746527],[44.727794,12.742011],[44.764903,12.76557],[44.785167,12.772284],[44.809744,12.769965],[44.822602,12.765082],[44.824962,12.761623],[44.82488,12.757025],[44.830821,12.748847],[44.83961,12.743476],[44.868337,12.732123],[44.881358,12.729885],[44.898285,12.736762],[44.912771,12.748196],[44.918956,12.759426],[44.920909,12.771389],[44.91627,12.774888],[44.885427,12.777981],[44.879405,12.776435],[44.871837,12.769965],[44.867442,12.794827],[44.871593,12.803534],[44.884776,12.81094],[44.898285,12.79621],[44.916759,12.799465],[44.933116,12.812649],[44.940115,12.82803],[44.944591,12.83397],[44.955089,12.837063],[44.97755,12.838202],[44.983653,12.837144],[44.993012,12.832465],[44.998057,12.831448],[45.001231,12.833482],[45.008311,12.84512],[45.009288,12.847561],[45.008474,12.85224],[45.009288,12.856676],[45.015147,12.85871],[45.021495,12.857164],[45.021495,12.853461],[45.02003,12.848944],[45.021983,12.84512],[45.023285,12.841051],[45.038585,12.821234],[45.042491,12.820868],[45.035167,12.803656],[45.017751,12.801744],[44.997406,12.803453],[44.980968,12.797309],[44.97934,12.782294],[44.99464,12.769192],[45.017751,12.759833],[45.039317,12.756293],[45.058604,12.76203],[45.062022,12.776557],[45.056651,12.817125],[45.058767,12.827135],[45.082286,12.886623],[45.083995,12.889472],[45.086599,12.907294],[45.093191,12.924709],[45.093761,12.926256],[45.099457,12.936184],[45.104503,12.944892],[45.118175,12.961737],[45.154063,12.992133],[45.193533,13.012681],[45.365245,13.053697],[45.403005,13.070136],[45.434093,13.098334],[45.481456,13.157538],[45.494151,13.194648],[45.508474,13.208686],[45.535899,13.228664],[45.632091,13.324897],[45.665782,13.341986],[45.803477,13.372016],[45.81544,13.379543],[45.833751,13.381334],[45.875743,13.379462],[45.890473,13.38231],[45.923188,13.395453],[45.940603,13.399359],[46.111339,13.406806],[46.19752,13.420478],[46.224132,13.428697],[46.228689,13.431057],[46.234548,13.436347],[46.247813,13.432115],[46.269542,13.420478],[46.312999,13.41356],[46.52003,13.413031],[46.540212,13.416897],[46.583507,13.435126],[46.604747,13.440904],[46.628266,13.440823],[46.66391,13.43008],[46.683849,13.427232],[46.700694,13.430325],[46.824229,13.476304],[46.911876,13.533271],[47.16684,13.585598],[47.398204,13.654853],[47.436046,13.678046],[47.56422,13.78913],[47.645681,13.873196],[47.667247,13.887193],[47.820974,13.938463],[47.866547,13.961656],[47.917328,14.021389],[47.931163,14.030585],[47.948578,14.033393],[48.001638,14.04914],[48.016856,14.057278],[48.105968,14.036038],[48.133556,14.023139],[48.140391,14.030585],[48.155284,14.020209],[48.177582,14.009182],[48.193614,13.993394],[48.188731,13.969143],[48.30421,14.001899],[48.345714,14.002631],[48.341156,14.012397],[48.338227,14.016303],[48.415375,14.016832],[48.45045,14.010647],[48.468761,13.988959],[48.47755,13.996731],[48.485525,13.998481],[48.493826,13.998969],[48.503429,14.002631],[48.548106,14.040513],[48.564789,14.046047],[48.681488,14.043606],[48.689301,14.042426],[48.695811,14.043606],[48.701834,14.046698],[48.713715,14.055406],[48.719493,14.057278],[48.738292,14.068183],[48.797618,14.140448],[48.835297,14.156236],[48.85255,14.166978],[48.862966,14.194648],[48.869884,14.201361],[48.876964,14.206732],[48.880138,14.212104],[48.880382,14.234605],[48.882335,14.243232],[48.886974,14.250312],[48.903494,14.25849],[48.92156,14.261868],[48.935802,14.270453],[48.941661,14.294379],[48.950531,14.300605],[48.991547,14.316881],[49.003673,14.324774],[49.006033,14.331204],[49.008556,14.343004],[49.007986,14.354438],[49.000255,14.359565],[49.009939,14.401109],[49.028087,14.436347],[49.077973,14.50609],[49.092784,14.519599],[49.113536,14.530219],[49.137055,14.53266],[49.156749,14.526109],[49.171886,14.518256],[49.181895,14.516588],[49.190196,14.54857],[49.228852,14.575263],[49.312755,14.612779],[49.352061,14.639797],[49.372406,14.649807],[49.417817,14.656928],[49.46046,14.67357],[49.578136,14.737291],[49.798595,14.792182],[49.942149,14.838772],[50.006033,14.844387],[50.021007,14.84927],[50.029796,14.850287],[50.035818,14.838935],[50.04184,14.818264],[50.051768,14.818752],[50.060395,14.820217],[50.079356,14.82567],[50.12143,14.844224],[50.146251,14.849799],[50.16505,14.842475],[50.179535,14.843329],[50.243826,14.887152],[50.302257,14.917467],[50.343028,14.92475],[50.358246,14.933336],[50.432384,14.995429],[50.459483,15.010443],[50.554047,15.04857],[50.661469,15.058498],[50.851329,15.109931],[51.069835,15.149644],[51.268809,15.201809],[51.288422,15.210273],[51.314464,15.226711],[51.342459,15.237698],[51.367849,15.229722],[51.382009,15.238023],[51.432465,15.25967],[51.443614,15.260199],[51.446544,15.266425],[51.454275,15.269517],[51.474294,15.270697],[51.498302,15.298041],[51.513438,15.308051],[51.530528,15.31684],[51.54949,15.322984],[51.655284,15.33275],[51.676443,15.340277],[51.676524,15.346991],[51.667735,15.357652],[51.66212,15.377143],[51.667247,15.391425],[51.679942,15.403469],[51.7588,15.445624],[51.809418,15.455756],[51.816661,15.459418],[51.829275,15.468695],[51.838715,15.466295],[51.846528,15.45954],[51.853852,15.455715],[51.859874,15.453315],[51.865408,15.4501],[51.868663,15.451565],[51.868175,15.463121],[51.869395,15.463772],[51.871837,15.463772],[51.874197,15.465033],[51.875011,15.469387],[51.874197,15.491523],[51.913097,15.515326],[51.99171,15.545071],[52.001638,15.547268],[52.016938,15.548651],[52.025727,15.551215],[52.031505,15.555813],[52.038748,15.563137],[52.04713,15.570014],[52.198985,15.611477],[52.220714,15.613959],[52.228363,15.616116],[52.233572,15.621772],[52.236583,15.62934],[52.237478,15.637519],[52.238536,15.642524],[52.243826,15.651557],[52.244884,15.657701],[52.242849,15.663479],[52.238292,15.668647],[52.231212,15.67475],[52.221446,15.716986],[52.217052,15.760728],[52.225271,15.831936],[52.224376,15.846747],[52.19158,15.862982],[52.175466,15.877916],[52.186534,15.919094],[52.177419,15.942369],[52.163422,15.964789],[52.155528,15.983873],[52.160004,16.002102],[52.184093,16.029446],[52.194347,16.070299],[52.216807,16.09516],[52.224376,16.113593],[52.222667,16.1164],[52.219574,16.125963],[52.217052,16.138088],[52.217052,16.148383],[52.221446,16.160875],[52.228689,16.171942],[52.261404,16.20897],[52.27947,16.243883],[52.292735,16.263821],[52.318614,16.291164],[52.420421,16.371243],[52.532563,16.447252],[52.597667,16.476711],[52.736827,16.511949],[52.752126,16.518297],[52.788829,16.5397],[52.809093,16.548326],[52.851085,16.556138],[52.885265,16.575426],[52.909923,16.583075],[52.921153,16.591132],[52.940278,16.610175],[52.950531,16.615627],[52.962169,16.616278],[52.973888,16.618313],[52.984874,16.62816],[53.021821,16.619452],[53.069184,16.631822],[53.090017,16.642239],[53.090343,16.642401],[53.175304,16.684516],[53.338634,16.734809],[53.423025,16.746812],[53.582693,16.749945],[53.615408,16.75788],[53.650564,16.773179],[53.669281,16.784084],[53.677501,16.795111],[53.687022,16.813625],[53.709321,16.836005],[53.73463,16.856147],[53.753184,16.867743],[53.771332,16.862616],[53.792003,16.870307],[53.812673,16.881781],[53.83074,16.887641],[53.850352,16.889146],[53.910167,16.901272],[53.955903,16.903876],[53.98113,16.908759],[53.992198,16.919257],[53.995372,16.92536],[54.009451,16.937445],[54.012706,16.94599],[54.011404,16.953681],[54.009288,16.960924],[54.008962,16.968655],[54.012706,16.977607],[54.023448,16.985338],[54.067556,17.006741],[54.084972,17.011135],[54.164073,17.011135],[54.350352,17.031684],[54.360118,17.029608],[54.369477,17.024807],[54.389985,17.039455],[54.414561,17.037828],[54.461681,17.024807],[54.467621,17.026679],[54.488536,17.03559],[54.499278,17.038479],[54.51238,17.038398],[54.547699,17.031643],[54.559744,17.032701],[54.580333,17.03734],[54.592052,17.038479],[54.60434,17.036322],[54.633149,17.026923],[54.674083,17.019761],[54.685313,17.006903],[54.689789,16.989325],[54.697927,16.97016],[54.705333,16.977607],[54.739431,16.956488],[54.750743,16.960517],[54.769054,16.957913],[54.780528,16.963935],[54.79184,16.951402],[54.808442,16.951483],[54.841807,16.963935],[54.882823,16.969062],[54.901378,16.974921],[54.917003,16.990668],[54.931326,16.987128],[54.945079,16.989976],[54.959646,16.994859],[54.975352,16.997463],[54.98699,17.005357],[54.999197,17.01968],[55.010916,17.026272],[55.020681,17.011135],[55.026866,17.011135],[55.071788,17.042182],[55.112559,17.086859],[55.124766,17.092475],[55.132986,17.105048],[55.138438,17.118883],[55.143565,17.127834],[55.158865,17.13581],[55.18922,17.144761],[55.198741,17.155748],[55.195486,17.160834],[55.205089,17.176215],[55.209321,17.193549],[55.213145,17.202094],[55.219249,17.210395],[55.228526,17.216132],[55.254731,17.228705],[55.260265,17.23428],[55.265147,17.247056],[55.264822,17.254788],[55.256847,17.258205],[55.250662,17.263617],[55.249522,17.276109],[55.251231,17.289984],[55.253429,17.29914],[55.2942,17.352118],[55.301117,17.371161],[55.300792,17.416815],[55.293224,17.43769],[55.273774,17.457424],[55.240082,17.475165],[55.229503,17.488593],[55.225434,17.515448],[55.228201,17.538764],[55.235037,17.558824],[55.263194,17.607733],[55.355724,17.681586],[55.369477,17.696357],[55.373383,17.703315],[55.388682,17.744289],[55.393077,17.752143],[55.40797,17.768704],[55.417328,17.785224],[55.431651,17.824652],[55.44516,17.84101],[55.453949,17.845404],[55.486827,17.85399],[55.488292,17.853461],[55.506602,17.85399],[55.512869,17.857489],[55.517345,17.86225],[55.522472,17.866441],[55.530528,17.868313],[55.552908,17.870266],[55.653494,17.895331],[55.909434,17.906643],[55.946056,17.915473],[56.010753,17.940375],[56.031098,17.943427],[56.116222,17.936591],[56.138357,17.940579],[56.168224,17.954088],[56.188487,17.957099],[56.3449,17.937812],[56.356293,17.940009],[56.354991,17.962307],[56.357677,17.969794],[56.404145,18.01911],[56.411306,18.023179],[56.425629,18.027411],[56.431977,18.032172],[56.462576,18.084418],[56.484141,18.096503],[56.527599,18.114691],[56.547211,18.129706],[56.56129,18.149237],[56.563731,18.170233],[56.548839,18.189846],[56.600597,18.305406],[56.60963,18.34748],[56.60963,18.389065],[56.612315,18.399604],[56.621267,18.419582],[56.626638,18.435858],[56.641124,18.454901],[56.644298,18.467597],[56.643403,18.479193],[56.636892,18.511949],[56.641124,18.559272],[56.659679,18.595364],[56.766449,18.696845],[56.77475,18.70718],[56.784679,18.728583],[56.807791,18.745592],[56.850352,18.765815],[56.91505,18.810289],[57.083751,18.87637],[57.20753,18.90998],[57.445323,18.945339],[57.501475,18.953681],[57.709727,18.943996],[57.719412,18.946926],[57.731944,18.953803],[57.742849,18.961859],[57.747325,18.967841],[57.752289,18.973049],[57.79713,18.979234],[57.801117,18.980658],[57.815684,18.991767],[57.840099,19.015326],[57.839854,19.029975],[57.802013,19.094794],[57.802989,19.115139],[57.81186,19.156887],[57.805675,19.173],[57.780528,19.201117],[57.770844,19.216946],[57.750662,19.268052],[57.748302,19.291002],[57.752208,19.311591],[57.769054,19.357611],[57.773774,19.38288],[57.773936,19.409654],[57.767833,19.437445],[57.760265,19.454088],[57.711762,19.529486],[57.704438,19.548733],[57.706554,19.568834],[57.713878,19.595038],[57.718923,19.607978],[57.720551,19.622626],[57.719981,19.653062],[57.716807,19.666815],[57.709239,19.676744],[57.70045,19.685981],[57.69337,19.697455],[57.68922,19.728176],[57.698904,19.754381],[57.762055,19.842963],[57.773692,19.867865],[57.790375,19.924018],[57.81365,19.976996],[57.815684,20.006578],[57.816254,20.020738],[57.831716,20.075344],[57.847992,20.111762],[57.84197,20.136054],[57.823009,20.176663],[57.823741,20.201077],[57.833507,20.218329],[57.8449,20.231187],[57.850352,20.242418],[57.85613,20.260647],[57.870453,20.277045],[57.888438,20.290717],[57.90504,20.300767],[57.948741,20.317572],[57.966563,20.330227],[57.973888,20.352281],[57.970714,20.361884],[57.956554,20.376939],[57.95338,20.38642],[57.955821,20.399563],[57.962087,20.410875],[57.970714,20.42121],[57.994395,20.442288],[58.012462,20.453437],[58.030772,20.4619],[58.055349,20.467231],[58.067638,20.47248],[58.075857,20.480048],[58.07309,20.489163],[58.06658,20.499823],[58.067231,20.511054],[58.084483,20.558051],[58.090831,20.56684],[58.103526,20.575141],[58.144216,20.585191],[58.17628,20.604722],[58.20574,20.613349],[58.234874,20.615668],[58.255138,20.60928],[58.264171,20.587633],[58.261567,20.558092],[58.251313,20.529202],[58.238048,20.509345],[58.228282,20.488837],[58.238455,20.443834],[58.23463,20.423651],[58.224783,20.43183],[58.217296,20.441555],[58.213227,20.452704],[58.21339,20.465277],[58.200531,20.424384],[58.202891,20.404731],[58.224294,20.396389],[58.244151,20.394232],[58.279633,20.384833],[58.284516,20.381985],[58.278656,20.377387],[58.275564,20.368476],[58.29005,20.371405],[58.313813,20.380805],[58.326427,20.382717],[58.359141,20.381578],[58.372569,20.377387],[58.391612,20.368476],[58.417654,20.359605],[58.445811,20.358629],[58.467459,20.369534],[58.474132,20.396389],[58.483572,20.404202],[58.497081,20.410793],[58.510427,20.415229],[58.518565,20.416815],[58.521495,20.424384],[58.526866,20.457709],[58.532481,20.465277],[58.531261,20.481391],[58.545095,20.516425],[58.570486,20.564276],[58.573253,20.590644],[58.580821,20.618476],[58.591807,20.643948],[58.604503,20.663275],[58.615408,20.672431],[58.637462,20.684394],[58.645356,20.691148],[58.653331,20.705268],[58.660899,20.732327],[58.666515,20.746405],[58.672699,20.746405],[58.681814,20.735907],[58.69988,20.74079],[58.71811,20.753648],[58.728038,20.766913],[58.72934,20.786811],[58.71811,20.780829],[58.701345,20.766018],[58.686534,20.759467],[58.676443,20.76439],[58.667654,20.772284],[58.661469,20.781643],[58.659028,20.790839],[58.661306,20.796332],[58.665782,20.801581],[58.672699,20.807847],[58.673839,20.808173],[58.681488,20.826483],[58.680349,20.828355],[58.722179,20.848049],[58.739024,20.86225],[58.734874,20.883002],[58.792979,20.927395],[58.798839,20.936021],[58.801931,20.946234],[58.804454,20.981594],[58.807872,20.99079],[58.838552,21.044501],[58.854259,21.065619],[58.867931,21.074774],[58.878103,21.083808],[58.9192,21.143704],[59.054373,21.277086],[59.16627,21.362779],[59.195323,21.379096],[59.336192,21.43773],[59.344249,21.444729],[59.347504,21.453559],[59.354991,21.485663],[59.448578,21.624905],[59.467621,21.666409],[59.497895,21.756334],[59.576996,21.856269],[59.593435,21.892768],[59.605642,21.910224],[59.645274,21.925849],[59.65504,21.945746],[59.659679,21.994045],[59.677989,22.041897],[59.680675,22.06509],[59.688162,22.082709],[59.704926,22.099555],[59.734711,22.123114],[59.791759,22.198065],[59.811778,22.237372],[59.82488,22.281399],[59.844574,22.445258],[59.839366,22.475287],[59.82488,22.508857],[59.803233,22.534735],[59.776378,22.541449],[59.756358,22.538479],[59.745779,22.538235],[59.741547,22.524726],[59.756033,22.509426],[59.762543,22.498603],[59.758962,22.493638],[59.752778,22.494208],[59.746104,22.495592],[59.739757,22.497789],[59.734711,22.500474],[59.728038,22.507636],[59.727224,22.513577],[59.728363,22.518134],[59.728526,22.520982],[59.725841,22.526109],[59.723969,22.536811],[59.721202,22.541449],[59.715668,22.542914],[59.699962,22.54092],[59.693858,22.541449],[59.653494,22.569729],[59.626801,22.57982],[59.549815,22.555121],[59.535167,22.55386],[59.523123,22.555121],[59.515798,22.56151],[59.515636,22.575588],[59.521983,22.57217],[59.530447,22.570054],[59.536469,22.572577],[59.535492,22.583075],[59.529796,22.587877],[59.506847,22.600084],[59.483897,22.618842],[59.452485,22.634101],[59.410655,22.670844],[59.397227,22.686103],[59.391612,22.702216],[59.351817,22.761176],[59.315684,22.779486],[59.297537,22.792711],[59.289806,22.812079],[59.286143,22.826483],[59.250011,22.912014],[59.23227,22.94302],[59.20753,22.970364],[59.173676,22.993964],[59.120453,23.022773],[59.09254,23.043647],[59.087901,23.048407],[59.083669,23.055365],[59.077891,23.08515],[59.073741,23.093248],[59.010102,23.153306],[59.00172,23.212388],[58.986501,23.232489],[58.956228,23.259426],[58.946544,23.275092],[58.929454,23.318101],[58.915212,23.336086],[58.879161,23.351264],[58.820567,23.40176],[58.807628,23.421129],[58.797374,23.466783],[58.789399,23.480618],[58.792979,23.495673],[58.786143,23.512112],[58.762055,23.54206],[58.749522,23.536444],[58.746349,23.537665],[58.740977,23.54206],[58.736013,23.53266],[58.734874,23.528388],[58.728038,23.528388],[58.726817,23.536078],[58.724946,23.540107],[58.722911,23.543402],[58.720551,23.548814],[58.714366,23.535142],[58.706879,23.535142],[58.702403,23.542955],[58.694591,23.551418],[58.680349,23.562486],[58.674001,23.563951],[58.66684,23.56391],[58.661306,23.563137],[58.659028,23.562486],[58.655528,23.565741],[58.651541,23.570543],[58.647146,23.574897],[58.6421,23.576809],[58.633311,23.585273],[58.613292,23.625067],[58.604503,23.6376],[58.584158,23.646959],[58.561371,23.651109],[58.518565,23.651923],[58.499522,23.656887],[58.490896,23.656562],[58.483653,23.638129],[58.474864,23.631537],[58.452973,23.623969],[58.411957,23.616197],[58.363536,23.615546],[58.317231,23.620917],[58.2824,23.631415],[58.264171,23.644843],[58.227387,23.679145],[58.210297,23.685981],[58.193207,23.689358],[58.131602,23.713324],[58.086762,23.722113],[58.043142,23.724555],[57.912771,23.717841],[57.887706,23.720852],[57.859223,23.734076],[57.834972,23.740058],[57.824392,23.747626],[57.795746,23.782213],[57.777354,23.785956],[57.709727,23.782213],[57.686778,23.783352],[57.645193,23.790432],[57.586436,23.80744],[57.509613,23.839097],[57.326345,23.884019],[57.184255,23.934272],[57.151541,23.953559],[57.058279,24.023098],[56.939464,24.115912],[56.841075,24.223822],[56.832286,24.252509],[56.82309,24.271145],[56.801443,24.302965],[56.692149,24.425238],[56.63559,24.471381],[56.611176,24.496324],[56.4935,24.700181],[56.486827,24.741848],[56.480317,24.765123],[56.469574,24.775336],[56.405447,24.897284],[56.383311,24.978217],[56.36199,25.057278],[56.362234,25.068264],[56.365977,25.209215],[56.375255,25.252753],[56.378429,25.28262],[56.38266,25.302232],[56.383637,25.313463],[56.382986,25.321275],[56.382498,25.32685],[56.379161,25.334621],[56.374685,25.341213],[56.369965,25.351304],[56.360199,25.367255],[56.359223,25.37641],[56.366954,25.388861],[56.368337,25.396308],[56.365001,25.423163],[56.36378,25.433254],[56.369965,25.525702],[56.347992,25.593085],[56.340017,25.60456],[56.323253,25.607815],[56.300304,25.616156],[56.279063,25.627427],[56.273774,25.639309],[56.266612,25.672593],[56.273774,25.709133],[56.287934,25.741604],[56.301768,25.762885],[56.301768,25.741767],[56.316254,25.749579],[56.327403,25.762397],[56.344005,25.789537],[56.36378,25.806871],[56.362641,25.830634],[56.36378,25.837958],[56.37615,25.85928],[56.392589,25.880439],[56.399425,25.90233],[56.383637,25.926093],[56.393321,25.935858],[56.407888,25.937405],[56.424164,25.933173],[56.438975,25.926093],[56.442638,25.939276],[56.445486,25.94245],[56.453298,25.94717],[56.431163,25.952704],[56.42213,25.95661],[56.418305,25.963935],[56.40504,25.980455],[56.400401,25.990465],[56.42335,26.004625],[56.422862,26.023139],[56.408865,26.034369],[56.383637,26.022284],[56.380138,26.038235],[56.389171,26.047105],[56.418305,26.057074],[56.449229,26.073554],[56.464366,26.085354],[56.472992,26.098619],[56.383311,26.09748],[56.36378,26.104885],[56.368337,26.114895],[56.371104,26.127834],[56.370128,26.139472],[56.36378,26.145819],[56.353038,26.142646],[56.344737,26.131822],[56.335948,26.11164],[56.331716,26.124213],[56.329763,26.137112],[56.330903,26.149319],[56.335948,26.160102],[56.328787,26.172838],[56.343598,26.191392],[56.368419,26.204535],[56.391124,26.201077],[56.383637,26.198065],[56.378917,26.192532],[56.376964,26.184394],[56.377452,26.173733],[56.383149,26.176988],[56.398285,26.183417],[56.404145,26.186754],[56.404959,26.1706],[56.412446,26.158433],[56.424571,26.153795],[56.438975,26.160102],[56.447765,26.153144],[56.457367,26.148424],[56.46811,26.145982],[56.479828,26.145819],[56.472911,26.164008],[56.459727,26.174262],[56.444591,26.182359],[56.431977,26.194241],[56.435395,26.200141],[56.43686,26.205268],[56.435802,26.211615],[56.431977,26.221503],[56.443044,26.220445],[56.453298,26.221503],[56.459646,26.202094],[56.468761,26.205512],[56.487315,26.235175],[56.476248,26.249172],[56.465343,26.24726],[56.454926,26.239325],[56.445811,26.235175],[56.432302,26.239447],[56.420909,26.247626],[56.398611,26.268704],[56.407237,26.27912],[56.407481,26.284857],[56.406261,26.284898],[56.422862,26.294623],[56.45281,26.318345],[56.469574,26.32392],[56.494965,26.32274],[56.508962,26.323717],[56.511078,26.333482],[56.500987,26.35871],[56.479828,26.351874],[56.481781,26.347357],[56.485199,26.335883],[56.487315,26.331366],[56.474376,26.330797],[56.462169,26.331855],[56.438975,26.337592],[56.431895,26.342963],[56.426931,26.349595],[56.421072,26.352118],[56.411632,26.345038],[56.408702,26.352362],[56.406505,26.354804],[56.406912,26.357367],[56.411632,26.364936],[56.404145,26.372301],[56.399099,26.367906],[56.383637,26.35871],[56.369965,26.385972],[56.36378,26.385972],[56.360525,26.371283],[56.361827,26.349514],[56.356293,26.337592],[56.344005,26.32392],[56.338145,26.320705],[56.332042,26.320746],[56.326508,26.318915],[56.322276,26.309638],[56.333995,26.306138],[56.34783,26.297431],[56.35906,26.28734],[56.36378,26.279527],[56.358409,26.26496],[56.345225,26.269232],[56.315929,26.290432],[56.315929,26.274644],[56.308279,26.232611],[56.308442,26.221503],[56.319591,26.217922],[56.331309,26.223456],[56.341156,26.232327],[56.346853,26.238593],[56.355724,26.243394],[56.367849,26.244086],[56.38738,26.242011],[56.394542,26.239163],[56.402354,26.232082],[56.406912,26.223131],[56.404145,26.214748],[56.397472,26.213853],[56.366954,26.221503],[56.356293,26.219143],[56.329112,26.201077],[56.317393,26.200629],[56.308849,26.204739],[56.301931,26.205308],[56.294932,26.194241],[56.29184,26.211859],[56.279959,26.22309],[56.266856,26.227484],[56.260753,26.224595],[56.255544,26.218085],[56.229503,26.216783],[56.2199,26.207831],[56.212413,26.207831],[56.216807,26.222113],[56.2199,26.227729],[56.208263,26.244045],[56.209158,26.257554],[56.208263,26.263088],[56.191905,26.255072],[56.181814,26.245998],[56.157725,26.201077],[56.091482,26.106513],[56.082042,26.070705],[56.077485,26.061347],[56.077403,26.061062],[56.073253,26.052314],[56.055349,25.988756],[56.033702,25.946438],[56.007579,25.906887],[56.016938,25.910468],[56.024669,25.916449],[56.03061,25.924262],[56.03419,25.933539],[56.041026,25.933539],[56.036876,25.915107],[56.030772,25.900865],[56.023204,25.889228],[56.014415,25.878852],[55.972341,25.842841],[55.965994,25.834215],[55.963715,25.815375],[55.954438,25.787095],[55.952322,25.772121],[55.948497,25.768948],[55.941254,25.770697],[55.937185,25.776679],[55.947439,25.794094],[55.953787,25.814602],[55.959727,25.823676],[55.932465,25.802558],[55.878103,25.740058],[55.842459,25.713813],[55.812836,25.706529],[55.80836,25.704169],[55.803477,25.697414],[55.792247,25.692043],[55.779552,25.688422],[55.770518,25.687161],[55.759532,25.679674],[55.733897,25.646796],[55.699474,25.634711],[55.683442,25.623521],[55.656912,25.597724],[55.648123,25.583157],[55.632579,25.544176],[55.626313,25.536322],[55.605154,25.532945],[55.583344,25.526842],[55.563731,25.523749],[55.548188,25.529486],[55.542247,25.542548],[55.548595,25.554877],[55.559581,25.568305],[55.568126,25.584662],[55.551036,25.578599],[55.535655,25.562405],[55.524669,25.542629],[55.520274,25.525702],[55.513357,25.508857],[55.500499,25.492987],[55.494151,25.48078],[55.506602,25.47484],[55.495616,25.466132],[55.486095,25.449937],[55.472504,25.412787],[55.465668,25.419623],[55.461192,25.407375],[55.455333,25.399888],[55.449555,25.400621],[55.44516,25.412787],[55.438975,25.412787],[55.407237,25.372748],[55.387055,25.357082],[55.376964,25.364976],[55.365489,25.358588],[55.359386,25.348578],[55.358653,25.336575],[55.363292,25.324042],[55.348155,25.324774],[55.339366,25.321438],[55.309255,25.291734],[55.303722,25.283026],[55.306407,25.275051],[55.326508,25.241197],[55.334239,25.219224],[55.328868,25.201483],[55.301117,25.193671],[55.31422,25.212063],[55.31837,25.225287],[55.313324,25.238918],[55.29835,25.25849],[55.2824,25.260688],[55.263357,25.24494],[55.264171,25.231187],[55.259044,25.215277],[55.156912,25.096747],[55.082286,25.016832],[55.077647,25.02025],[55.044607,25.013902],[55.049978,24.993394],[55.022227,24.978827],[55.017996,24.976508],[55.015798,24.975328],[55.014008,24.974351],[55.010753,24.972602],[55.00587,24.969916],[55.003347,24.969143],[54.99936,24.967963],[54.994965,24.966661],[54.992849,24.96601],[54.96811,24.958645],[54.94809,24.946438],[54.917735,24.920885],[54.868826,24.888658],[54.76002,24.830552],[54.773611,24.814765],[54.768565,24.801459],[54.754161,24.792426],[54.739431,24.789618],[54.737804,24.79092],[54.707042,24.8039],[54.701345,24.798285],[54.696544,24.788886],[54.691661,24.782172],[54.652517,24.758002],[54.643321,24.748684],[54.640473,24.732611],[54.648285,24.725328],[54.655528,24.721096],[54.650157,24.713853],[54.654796,24.700995],[54.657725,24.688381],[54.661876,24.678127],[54.670584,24.672309],[54.670584,24.666083],[54.65211,24.658393],[54.646332,24.644232],[54.643403,24.630561],[54.632986,24.624498],[54.615896,24.621161],[54.612153,24.613227],[54.619802,24.604315],[54.636404,24.597805],[54.598888,24.528957],[54.593761,24.525824],[54.585134,24.511949],[54.581798,24.50845],[54.573253,24.508979],[54.551768,24.515326],[54.540294,24.515855],[54.555186,24.504584],[54.56129,24.501614],[54.537446,24.49844],[54.512869,24.515286],[54.4935,24.542304],[54.485606,24.569892],[54.47877,24.569892],[54.465831,24.554348],[54.462413,24.545356],[54.465099,24.535102],[54.457042,24.541897],[54.453624,24.550198],[54.451915,24.556545],[54.441661,24.545722],[54.429373,24.538275],[54.417328,24.535102],[54.417328,24.528957],[54.440684,24.523912],[54.499278,24.487942],[54.526052,24.482856],[54.552501,24.481635],[54.5713,24.473334],[54.574392,24.446967],[54.568126,24.446967],[54.558604,24.457709],[54.544281,24.463568],[54.528331,24.467963],[54.513438,24.474311],[54.516856,24.462388],[54.533946,24.445258],[54.540294,24.432685],[54.525727,24.435207],[54.50115,24.445624],[54.485606,24.446967],[54.485606,24.439521],[54.490001,24.438381],[54.499278,24.432685],[54.483165,24.425116],[54.479991,24.413398],[54.485606,24.388332],[54.445974,24.316148],[54.427257,24.292141],[54.390147,24.265855],[54.382579,24.254584],[54.34197,24.269761],[54.323009,24.270657],[54.314952,24.258246],[54.305919,24.256781],[54.252778,24.221096],[54.187022,24.203599],[54.177094,24.196194],[54.170095,24.181098],[54.153656,24.165269],[54.135427,24.152045],[54.122569,24.144721],[54.112071,24.141791],[54.081554,24.137885],[54.055186,24.12641],[54.03419,24.122748],[54.014334,24.113267],[53.951182,24.103746],[53.889822,24.07331],[53.878917,24.064846],[53.85377,24.061998],[53.732107,24.06273],[53.722423,24.06509],[53.712413,24.068834],[53.70281,24.070502],[53.694591,24.066474],[53.687836,24.062079],[53.656993,24.048529],[53.648936,24.05036],[53.639415,24.054755],[53.629161,24.057034],[53.612071,24.048977],[53.601085,24.047187],[53.58961,24.047065],[53.581309,24.048529],[53.574392,24.054389],[53.561534,24.072577],[53.557384,24.076402],[53.548188,24.078762],[53.537446,24.084296],[53.519298,24.096869],[53.507823,24.091539],[53.493012,24.090644],[53.47877,24.093695],[53.468272,24.100328],[53.4546,24.114407],[53.445811,24.119818],[53.437022,24.119818],[53.309093,24.095771],[53.253754,24.098782],[53.245616,24.104153],[53.231781,24.124823],[53.215587,24.141547],[53.19158,24.15941],[53.165294,24.170315],[53.142426,24.165839],[53.145356,24.153062],[53.145763,24.14175],[53.149669,24.132229],[53.163422,24.124823],[53.146495,24.121324],[53.127696,24.130683],[53.107188,24.137885],[53.067231,24.121894],[53.048839,24.12995],[53.019542,24.152167],[53.017589,24.154364],[53.014822,24.158433],[53.010997,24.162787],[53.00587,24.165839],[52.999766,24.165676],[52.998302,24.161363],[52.996918,24.155911],[52.992198,24.152167],[52.956716,24.139635],[52.947113,24.137885],[52.86199,24.144721],[52.854747,24.146674],[52.84783,24.149604],[52.839203,24.152004],[52.827647,24.152167],[52.816905,24.149319],[52.795421,24.139879],[52.782725,24.137885],[52.760997,24.140611],[52.720063,24.151516],[52.697439,24.152167],[52.68865,24.148586],[52.685395,24.143459],[52.681326,24.140815],[52.670095,24.144721],[52.634125,24.189887],[52.618419,24.203681],[52.600271,24.20954],[52.58074,24.199368],[52.577973,24.187445],[52.577647,24.169013],[52.574555,24.152086],[52.56365,24.144721],[52.550059,24.141059],[52.532481,24.131822],[52.514985,24.119818],[52.501801,24.107489],[52.48699,24.096625],[52.456554,24.084662],[52.450938,24.07331],[52.444184,24.06269],[52.428071,24.052639],[52.408865,24.045233],[52.392345,24.042304],[52.378103,24.037991],[52.364757,24.027899],[52.35255,24.016343],[52.341075,24.007514],[52.32781,24.003852],[52.295909,24.00373],[52.279063,24.00137],[52.240977,23.979641],[52.224376,23.974026],[52.206309,23.973131],[52.188243,23.97427],[52.171072,23.973375],[52.155528,23.966539],[52.145518,23.971991],[52.13559,23.966539],[52.117931,23.970893],[52.075694,23.963813],[52.067393,23.963446],[52.036388,23.977118],[52.023936,23.98786],[52.016938,23.989691],[52.01002,23.98786],[51.952891,23.990912],[51.931407,23.987982],[51.93336,23.977118],[51.939138,23.969184],[51.936371,23.964748],[51.928722,23.964748],[51.919688,23.970364],[51.902517,23.985663],[51.893565,23.990383],[51.881847,23.993883],[51.833263,23.99494],[51.809418,24.000678],[51.799164,24.018378],[51.79713,24.028225],[51.787771,24.04857],[51.785655,24.059312],[51.786794,24.093004],[51.785655,24.103746],[51.773448,24.153225],[51.771983,24.176337],[51.782237,24.240383],[51.77947,24.26203],[51.7588,24.290513],[51.740082,24.277533],[51.720876,24.234687],[51.724864,24.232571],[51.723643,24.227769],[51.718272,24.22309],[51.709809,24.221096],[51.700694,24.22191],[51.695974,24.224351],[51.689301,24.234687],[51.679373,24.265774],[51.672618,24.278062],[51.662934,24.232815],[51.648692,24.218573],[51.634451,24.226874],[51.62794,24.26203],[51.62794,24.319729],[51.62379,24.339342],[51.602387,24.367906],[51.593761,24.384914],[51.573985,24.364447],[51.591645,24.328599],[51.590668,24.28441],[51.569347,24.256171],[51.526134,24.268256],[51.496918,24.298285],[51.479015,24.310858],[51.412852,24.323472],[51.397797,24.321519],[51.38852,24.316555],[51.380138,24.309963],[51.367849,24.302965],[51.344981,24.297797],[51.282237,24.302965],[51.278819,24.307766],[51.277843,24.318996],[51.278575,24.340522],[51.280447,24.343573],[51.285167,24.344468],[51.295909,24.34394],[51.299653,24.34634],[51.299978,24.351996],[51.299083,24.35871],[51.299571,24.364447],[51.302257,24.37401],[51.304373,24.396186],[51.306407,24.405992],[51.311371,24.414862],[51.324229,24.431301],[51.326915,24.436103],[51.336192,24.447943],[51.395274,24.487942],[51.39975,24.494574],[51.404796,24.507758],[51.409516,24.515855],[51.432302,24.538764],[51.436209,24.538804],[51.443696,24.554755],[51.461436,24.563463],[51.482107,24.569241],[51.498302,24.576117],[51.498302,24.583564],[51.483084,24.59219],[51.46754,24.592353],[51.455333,24.594184],[51.45045,24.607408],[51.443858,24.619696],[51.428396,24.62287],[51.410004,24.624335],[51.395274,24.631334],[51.395844,24.608344],[51.38795,24.597073],[51.375173,24.589097],[51.361095,24.576117],[51.333669,24.53205],[51.320079,24.522691],[51.302419,24.517157],[51.29656,24.521918],[51.299571,24.55622],[51.296886,24.558092],[51.292247,24.567816],[51.290294,24.578518],[51.295909,24.583564],[51.302419,24.586615],[51.306326,24.594062],[51.307465,24.603095],[51.306407,24.610826],[51.295177,24.602607],[51.286388,24.608385],[51.278168,24.618883],[51.268809,24.624498],[51.217621,24.617662],[51.215261,24.625841],[51.214854,24.627183],[51.212576,24.633694],[51.220958,24.644232],[51.23699,24.650051],[51.254568,24.651801],[51.267914,24.656195],[51.278087,24.662991],[51.284434,24.662502],[51.285981,24.645006],[51.321137,24.648179],[51.339122,24.646186],[51.346853,24.635077],[51.341645,24.614691],[51.332693,24.598863],[51.328949,24.584784],[51.340587,24.569892],[51.349783,24.583808],[51.363536,24.59634],[51.37615,24.611884],[51.381521,24.635077],[51.389985,24.642483],[51.430431,24.664496],[51.443614,24.679755],[51.450369,24.721666],[51.455821,24.740668],[51.46754,24.748684],[51.47283,24.759426],[51.474213,24.764472],[51.500255,24.855373],[51.505138,24.864081],[51.511729,24.867865],[51.520844,24.870592],[51.528819,24.874416],[51.539399,24.898871],[51.574067,24.934394],[51.586925,24.953437],[51.602306,25.013821],[51.611013,25.022366],[51.605724,25.034247],[51.616547,25.137193],[51.614594,25.219794],[51.611095,25.237535],[51.607595,25.255113],[51.599132,25.274888],[51.590017,25.283759],[51.531261,25.292182],[51.518809,25.297065],[51.513194,25.308254],[51.511974,25.330227],[51.515717,25.382839],[51.518809,25.426215],[51.516938,25.440172],[51.510997,25.454291],[51.474294,25.512112],[51.471934,25.521389],[51.47755,25.531073],[51.48585,25.540513],[51.491384,25.549302],[51.491547,25.550645],[51.493663,25.565823],[51.491384,25.618232],[51.498302,25.615912],[51.505138,25.612006],[51.518809,25.61872],[51.535899,25.622382],[51.54949,25.631171],[51.552908,25.652981],[51.54713,25.663153],[51.534923,25.673245],[51.519705,25.681708],[51.505138,25.687161],[51.539317,25.703925],[51.552908,25.707587],[51.556814,25.681627],[51.576834,25.688666],[51.590099,25.7119],[51.573985,25.734931],[51.570323,25.727484],[51.56365,25.721625],[51.555024,25.720649],[51.546072,25.728095],[51.544607,25.737372],[51.54835,25.748847],[51.555431,25.758694],[51.563324,25.762885],[51.572032,25.759508],[51.577647,25.745063],[51.583507,25.741767],[51.591563,25.746649],[51.594493,25.758246],[51.594737,25.771877],[51.577485,25.880845],[51.570323,25.898383],[51.559418,25.913764],[51.546072,25.926093],[51.52947,25.937323],[51.511974,25.946112],[51.491954,25.95189],[51.46754,25.954047],[51.424327,25.950873],[51.416515,25.952094],[51.403982,25.954088],[51.388438,25.967027],[51.383474,25.985582],[51.382498,26.006171],[51.376638,26.022895],[51.357677,26.029731],[51.347179,26.039008],[51.346365,26.060696],[51.348481,26.085639],[51.346853,26.104885],[51.33074,26.121161],[51.251231,26.160102],[51.214854,26.13935],[51.194347,26.133531],[51.176117,26.139594],[51.170584,26.124579],[51.147227,26.103095],[51.141856,26.087795],[51.133149,26.082099],[51.091075,26.066962],[51.075938,26.06391],[51.047374,26.053046],[51.027354,26.026923],[51.004731,25.967027],[50.998546,25.967027],[50.995616,25.972846],[50.992524,25.975735],[50.984223,25.98135],[50.981456,25.935858],[50.977306,25.916449],[50.951182,25.85928],[50.949392,25.837958],[50.963878,25.823676],[50.970714,25.830512],[50.975922,25.813788],[50.972992,25.797512],[50.963715,25.783881],[50.949555,25.775295],[50.949229,25.787014],[50.945567,25.798489],[50.939708,25.807196],[50.932872,25.810614],[50.923595,25.805162],[50.920258,25.794379],[50.915538,25.786444],[50.901703,25.789537],[50.901703,25.759467],[50.902843,25.755276],[50.90797,25.749254],[50.90919,25.745103],[50.906993,25.739936],[50.897309,25.732571],[50.894867,25.728095],[50.887543,25.680894],[50.888682,25.666653],[50.903168,25.640123],[50.924327,25.63231],[50.94988,25.636461],[50.97755,25.646145],[50.9699,25.633857],[50.955903,25.604682],[50.949555,25.597724],[50.93572,25.598334],[50.927501,25.60517],[50.920584,25.608344],[50.90919,25.597724],[50.904796,25.587063],[50.904145,25.563137],[50.900076,25.53974],[50.900727,25.534857],[50.898692,25.532213],[50.888682,25.529486],[50.881521,25.535142],[50.87672,25.540595],[50.868663,25.559556],[50.867686,25.567043],[50.867686,25.587836],[50.874278,25.614936],[50.87615,25.631781],[50.870942,25.639309],[50.863536,25.641425],[50.857188,25.650824],[50.850597,25.652981],[50.846528,25.649848],[50.84018,25.634508],[50.836925,25.628811],[50.823497,25.622138],[50.809581,25.620592],[50.796397,25.617255],[50.785004,25.60456],[50.79656,25.599595],[50.818533,25.595771],[50.826671,25.590888],[50.832856,25.578518],[50.832205,25.566148],[50.828624,25.554348],[50.826671,25.543118],[50.827891,25.525051],[50.831309,25.507799],[50.847179,25.467353],[50.820486,25.471829],[50.820508,25.491293],[50.811648,25.498887],[50.808484,25.517239],[50.797093,25.529896],[50.778005,25.527045],[50.750987,25.494696],[50.763845,25.482408],[50.762462,25.462714],[50.750987,25.419623],[50.765147,25.344468],[50.765798,25.323554],[50.757823,25.269355],[50.759044,25.247504],[50.763438,25.225287],[50.764985,25.204291],[50.757823,25.186225],[50.766938,25.162584],[50.768403,25.1258],[50.775727,25.091864],[50.802419,25.076972],[50.808604,25.069159],[50.809744,25.051215],[50.807384,25.031643],[50.796641,25.003607],[50.799978,24.988756],[50.842784,24.916083],[50.851085,24.890815],[50.85963,24.7956],[50.852794,24.770006],[50.826671,24.748684],[50.807872,24.746649],[50.786143,24.72724],[50.771332,24.726955],[50.76059,24.736396],[50.750011,24.753119],[50.741466,24.770575],[50.737315,24.782172],[50.735037,24.843411],[50.72641,24.881659],[50.706554,24.898871],[50.681407,24.913886],[50.661632,24.979967],[50.644786,24.995063],[50.633474,25.01142],[50.606293,25.042711],[50.580414,25.062161],[50.572765,25.042873],[50.562185,25.054836],[50.553477,25.077948],[50.545421,25.118598],[50.551606,25.159491],[50.549083,25.174791],[50.534679,25.199042],[50.529063,25.216295],[50.524425,25.22309],[50.519786,25.232123],[50.517589,25.244859],[50.518728,25.258002],[50.523936,25.280219],[50.525076,25.29267],[50.520356,25.314765],[50.509125,25.343573],[50.495616,25.370063],[50.483409,25.385443],[50.490896,25.392279],[50.471528,25.437201],[50.462901,25.446926],[50.428722,25.456204],[50.410167,25.464097],[50.40211,25.477973],[50.399913,25.480373],[50.39503,25.483303],[50.389985,25.488674],[50.385916,25.510647],[50.381358,25.512885],[50.370779,25.508368],[50.36199,25.502997],[50.364757,25.490058],[50.371349,25.474514],[50.374278,25.461168],[50.347992,25.482123],[50.23406,25.61518],[50.196056,25.687161],[50.18922,25.687161],[50.187673,25.682929],[50.182384,25.672838],[50.174327,25.68301],[50.148692,25.699856],[50.141368,25.713813],[50.144705,25.733344],[50.15919,25.731757],[50.174978,25.720445],[50.187511,25.703559],[50.199962,25.695868],[50.21461,25.689643],[50.226736,25.687161],[50.233735,25.679511],[50.251231,25.631903],[50.257498,25.631903],[50.247244,25.679429],[50.222016,25.717353],[50.161876,25.782701],[50.141938,25.816107],[50.118337,25.867865],[50.107758,25.91474],[50.127696,25.933539],[50.127696,25.940375],[50.11671,25.958238],[50.111501,25.97602],[50.101329,25.989488],[50.075938,25.995022],[50.069835,25.995103],[50.066905,25.996283],[50.065766,25.999457],[50.065684,26.00552],[50.064626,26.013373],[50.061697,26.014146],[50.057384,26.01317],[50.052013,26.015448],[50.040538,26.028266],[50.033702,26.033352],[50.024099,26.035956],[50.028168,26.019477],[50.021007,26.004462],[50.006847,25.996527],[49.990001,26.001776],[49.996918,26.017279],[49.996104,26.031724],[49.992361,26.045885],[49.990001,26.060452],[49.993175,26.068061],[50.000173,26.07217],[50.007091,26.074408],[50.010427,26.07689],[50.0088,26.086493],[49.999522,26.100898],[49.997325,26.108222],[49.991547,26.113105],[49.980968,26.126125],[49.975841,26.139594],[49.986827,26.145819],[49.994884,26.152167],[50.021007,26.197659],[50.0324,26.201077],[50.045665,26.194525],[50.057872,26.18358],[50.065684,26.173733],[50.069591,26.165961],[50.071625,26.159247],[50.073578,26.131537],[50.076671,26.129096],[50.081309,26.129096],[50.086762,26.125312],[50.0949,26.117621],[50.10434,26.111233],[50.113292,26.103258],[50.120291,26.091213],[50.121837,26.076483],[50.12143,26.060736],[50.125824,26.046454],[50.141368,26.035956],[50.150401,26.063218],[50.158376,26.102484],[50.160981,26.141099],[50.154552,26.166246],[50.163422,26.177232],[50.174083,26.180732],[50.181895,26.175482],[50.182384,26.160102],[50.201996,26.171373],[50.21225,26.191311],[50.215994,26.215074],[50.216563,26.32392],[50.209239,26.369534],[50.19158,26.403551],[50.162283,26.427069],[50.076508,26.453762],[50.058279,26.463935],[50.04184,26.478461],[50.03061,26.494615],[50.003673,26.570705],[50.002208,26.587388],[50.006358,26.648586],[50.003673,26.653632],[49.993663,26.663153],[49.986501,26.672756],[49.983246,26.683743],[49.982921,26.695705],[49.983735,26.708197],[49.988455,26.724433],[49.997569,26.74136],[50.006358,26.747626],[50.014008,26.710761],[50.023692,26.69953],[50.037852,26.695217],[50.09254,26.689114],[50.11671,26.67536],[50.161876,26.639228],[50.158458,26.664862],[50.141938,26.681342],[50.069102,26.728583],[50.052013,26.755927],[50.001964,26.816962],[49.972992,26.842353],[49.942149,26.858344],[49.917247,26.861477],[49.894054,26.860297],[49.871837,26.862494],[49.833018,26.888007],[49.770844,26.91356],[49.760509,26.92064],[49.74586,26.934272],[49.736664,26.940904],[49.708263,26.952135],[49.699474,26.958238],[49.670177,26.990912],[49.612478,27.071967],[49.594249,27.090725],[49.575531,27.098578],[49.570079,27.104071],[49.564626,27.116685],[49.558604,27.139553],[49.559418,27.153998],[49.568614,27.17829],[49.572113,27.194159],[49.552745,27.176744],[49.544932,27.173651],[49.534923,27.176174],[49.526134,27.182807],[49.516449,27.188381],[49.50408,27.187934],[49.489106,27.17475],[49.497325,27.159084],[49.524425,27.132717],[49.508311,27.133979],[49.481293,27.144436],[49.465668,27.146959],[49.440196,27.139797],[49.431895,27.142768],[49.441905,27.160631],[49.438487,27.162055],[49.436778,27.16177],[49.435883,27.16234],[49.435069,27.166815],[49.423595,27.14647],[49.417166,27.138129],[49.407074,27.132717],[49.399099,27.144721],[49.374848,27.149075],[49.366873,27.160631],[49.377696,27.159166],[49.388845,27.159329],[49.397472,27.162584],[49.40089,27.170233],[49.403982,27.183295],[49.409434,27.193915],[49.412364,27.204006],[49.407074,27.215277],[49.40089,27.207831],[49.386404,27.219631],[49.37086,27.218736],[49.361827,27.209133],[49.366873,27.194159],[49.355968,27.185004],[49.345225,27.182807],[49.33839,27.189602],[49.339529,27.207831],[49.322602,27.205715],[49.317068,27.2237],[49.319021,27.266425],[49.315115,27.286811],[49.307872,27.306301],[49.304861,27.325507],[49.312755,27.344957],[49.292166,27.355455],[49.278819,27.358791],[49.267426,27.355211],[49.257335,27.34691],[49.245779,27.339423],[49.23406,27.333889],[49.223399,27.331285],[49.226085,27.34276],[49.226736,27.36872],[49.229666,27.379706],[49.237478,27.388129],[49.247325,27.393134],[49.256847,27.400051],[49.263845,27.413886],[49.254568,27.417792],[49.246918,27.423774],[49.240245,27.427191],[49.237315,27.423977],[49.235037,27.418158],[49.229666,27.413886],[49.229503,27.411811],[49.212576,27.396796],[49.207042,27.395168],[49.201996,27.398668],[49.195486,27.40644],[49.183116,27.411119],[49.176117,27.415839],[49.170258,27.421047],[49.161388,27.426907],[49.150076,27.431342],[49.128103,27.436916],[49.119802,27.441148],[49.157725,27.458482],[49.175059,27.458319],[49.181895,27.441148],[49.18922,27.441148],[49.208832,27.458075],[49.263927,27.452867],[49.284923,27.475328],[49.291759,27.475328],[49.289887,27.462348],[49.292654,27.452948],[49.300141,27.448065],[49.312755,27.448635],[49.309825,27.456692],[49.307872,27.474514],[49.305349,27.482123],[49.299083,27.489895],[49.292491,27.494127],[49.28533,27.497626],[49.278087,27.503241],[49.255138,27.532375],[49.239757,27.545111],[49.219574,27.550442],[49.208751,27.551581],[49.188975,27.556708],[49.178477,27.557847],[49.170421,27.555732],[49.15268,27.546332],[49.144298,27.544176],[49.106293,27.546861],[49.088878,27.551093],[49.072032,27.557847],[49.077647,27.546536],[49.071625,27.539496],[49.05893,27.538153],[49.044688,27.544176],[49.063975,27.556342],[49.05421,27.568264],[49.017345,27.585191],[48.9817,27.614569],[48.968516,27.620347],[48.949067,27.61872],[48.926036,27.613837],[48.915294,27.608629],[48.907481,27.599433],[48.909516,27.592678],[48.917247,27.585842],[48.921641,27.578843],[48.914317,27.571519],[48.896739,27.572008],[48.891124,27.588121],[48.895274,27.607733],[48.907481,27.61872],[48.900645,27.632961],[48.893809,27.632961],[48.884776,27.615058],[48.870779,27.605618],[48.852794,27.604641],[48.831798,27.612494],[48.838878,27.623196],[48.848969,27.623358],[48.873302,27.612494],[48.869802,27.618557],[48.85963,27.640448],[48.870616,27.641181],[48.877126,27.644477],[48.878184,27.65058],[48.873302,27.659654],[48.878429,27.664211],[48.880544,27.670315],[48.880138,27.687567],[48.875011,27.677476],[48.867686,27.667792],[48.858084,27.662828],[48.84547,27.667141],[48.847341,27.683824],[48.846202,27.697089],[48.839203,27.708075],[48.833995,27.697455],[48.824555,27.688951],[48.815278,27.687567],[48.81129,27.698188],[48.81129,27.742825],[48.803966,27.736477],[48.796886,27.719713],[48.791352,27.714911],[48.78004,27.714097],[48.778819,27.71955],[48.782237,27.726142],[48.784516,27.728583],[48.785167,27.744696],[48.804047,27.815009],[48.812511,27.828599],[48.820567,27.830024],[48.825531,27.811103],[48.823416,27.799628],[48.805024,27.756496],[48.821788,27.766832],[48.838064,27.804023],[48.852875,27.817939],[48.857595,27.803534],[48.854259,27.795356],[48.848481,27.787299],[48.84547,27.773261],[48.847667,27.748725],[48.846202,27.740302],[48.839203,27.728583],[48.852794,27.737494],[48.865489,27.754055],[48.874522,27.769924],[48.87672,27.777004],[48.873383,27.782131],[48.872569,27.793891],[48.87379,27.806586],[48.88266,27.826728],[48.87794,27.836819],[48.837657,27.872301],[48.815196,27.902248],[48.814708,27.906684],[48.796235,27.913642],[48.773285,27.929755],[48.753266,27.947984],[48.743663,27.96133],[48.742361,27.975246],[48.746837,27.981635],[48.764008,27.989244],[48.771332,27.987006],[48.778087,27.98664],[48.784516,27.989244],[48.788259,27.993883],[48.791515,28.0008],[48.792003,28.007025],[48.787934,28.009711],[48.77589,28.011949],[48.75587,28.021715],[48.747081,28.023993],[48.712901,28.022895],[48.701996,28.023993],[48.667817,28.037665],[48.65211,28.046088],[48.653331,28.049872],[48.654796,28.061591],[48.648123,28.071967],[48.616466,28.110541],[48.606456,28.126451],[48.600841,28.147773],[48.601736,28.167385],[48.609141,28.186103],[48.623546,28.205268],[48.618419,28.217271],[48.534923,28.298814],[48.522227,28.318834],[48.5171,28.342434],[48.517833,28.354193],[48.523936,28.380316],[48.534923,28.398668],[48.535492,28.40762],[48.523936,28.414455],[48.517345,28.398993],[48.504893,28.389635],[48.488292,28.385891],[48.468761,28.387112],[48.469981,28.391303],[48.471202,28.394192],[48.476085,28.400784],[48.499034,28.393378],[48.507823,28.415717],[48.50766,28.449164],[48.498546,28.492906],[48.49464,28.500149],[48.468761,28.510647],[48.456391,28.518459],[48.432791,28.540473],[48.432465,28.540717],[48.420909,28.551581],[48.405284,28.569892],[48.397146,28.583319],[48.393565,28.595649],[48.389496,28.643744],[48.386729,28.653998],[48.374685,28.641669],[48.361013,28.635565],[48.351817,28.64053],[48.352712,28.661444],[48.359548,28.661444],[48.36378,28.658149],[48.367686,28.656724],[48.372406,28.659166],[48.379893,28.66767],[48.370453,28.671942],[48.365977,28.675727],[48.365001,28.680813],[48.366222,28.688707],[48.371593,28.684394],[48.386729,28.675116],[48.380707,28.692084],[48.379649,28.710354],[48.3838,28.728013],[48.393565,28.743394],[48.352306,28.751207],[48.328787,28.759955],[48.31837,28.77383],[48.312511,28.785956],[48.285167,28.819892],[48.276866,28.839586],[48.278168,28.859687],[48.2824,28.879381],[48.27947,28.894436],[48.240977,28.905666],[48.225922,28.91828],[48.176036,28.983791],[48.158458,29.017279],[48.133804,29.153617],[48.128447,29.1739],[48.114659,29.193256],[48.106131,29.213525],[48.095376,29.257746],[48.092073,29.287233],[48.093053,29.305679],[48.100266,29.349954],[48.063274,29.343368],[48.035411,29.351793],[48.025238,29.354885],[48.010509,29.366523],[48.008393,29.369167],[47.993012,29.387926],[47.98574,29.393761],[47.969883,29.387239],[47.959374,29.372437],[47.939326,29.359433],[47.920202,29.364872],[47.905387,29.359263],[47.899185,29.335249],[47.876954,29.328671],[47.857903,29.323029],[47.840926,29.322931],[47.816434,29.337556],[47.822695,29.351433],[47.822612,29.363431],[47.851152,29.380198],[47.837304,29.387505],[47.813999,29.379994],[47.791744,29.372481],[47.764148,29.367699],[47.726999,29.361926],[47.704717,29.363633],[47.714206,29.378471],[47.718387,29.394195],[47.763865,29.412933],[47.784952,29.437049],[47.807043,29.467622],[47.849258,29.501979],[47.91062,29.531789],[47.935977,29.554025],[47.965531,29.576298]],[[37.026866,25.419623],[37.021739,25.452786],[37.017589,25.457709],[37.015391,25.450588],[37.008962,25.449856],[36.999278,25.469428],[36.987478,25.47602],[36.973643,25.477851],[36.961436,25.477769],[36.951834,25.467515],[36.944347,25.448798],[36.946544,25.441881],[36.95753,25.448961],[36.966563,25.448961],[36.971446,25.435289],[36.978282,25.426947],[36.990571,25.430121],[37.000255,25.429185],[36.998546,25.422431],[37.003591,25.411526],[37.023285,25.399848],[37.031261,25.398749],[37.027192,25.405178],[37.028087,25.409329],[37.035655,25.408189],[37.04005,25.40644],[37.042328,25.407375],[37.037364,25.411811],[37.026866,25.419623]],[[36.942149,25.418362],[36.928477,25.409125],[36.91627,25.396877],[36.904307,25.39411],[36.896332,25.405951],[36.899425,25.41885],[36.920258,25.419582],[36.915701,25.426703],[36.906423,25.431627],[36.893891,25.432929],[36.877126,25.436957],[36.842052,25.450751],[36.823741,25.459866],[36.815196,25.465888],[36.796886,25.486558],[36.78712,25.494086],[36.776541,25.496405],[36.776134,25.489163],[36.787608,25.474433],[36.797211,25.464504],[36.799083,25.458686],[36.797048,25.45661],[36.795095,25.456977],[36.795095,25.453274],[36.798676,25.447414],[36.80128,25.444892],[36.841482,25.405951],[36.859711,25.39289],[36.878673,25.373725],[36.89975,25.361029],[36.914806,25.370917],[36.924815,25.389106],[36.935395,25.39997],[36.943126,25.405504],[36.961436,25.414496],[36.958344,25.419013],[36.942149,25.418362]],[[36.790212,25.49787],[36.800629,25.488471],[36.809744,25.485785],[36.816173,25.488267],[36.82545,25.484117],[36.83074,25.47309],[36.834809,25.466742],[36.845063,25.464423],[36.858409,25.456855],[36.87379,25.44595],[36.879161,25.443345],[36.87794,25.447699],[36.881847,25.450751],[36.883311,25.454332],[36.874522,25.463324],[36.839041,25.489936],[36.816661,25.502387],[36.801036,25.507636],[36.785818,25.516018],[36.78061,25.527737],[36.775076,25.535386],[36.725597,25.565172],[36.706798,25.571234],[36.691254,25.567206],[36.681407,25.553453],[36.681163,25.544135],[36.688813,25.546373],[36.693207,25.550198],[36.701345,25.554674],[36.719249,25.55565],[36.734386,25.546617],[36.742931,25.535875],[36.743988,25.53144],[36.739919,25.532701],[36.742524,25.529202],[36.756521,25.527004],[36.765391,25.524237],[36.765961,25.514228],[36.771332,25.507066],[36.77589,25.50552],[36.78061,25.504381],[36.790212,25.49787]],[[36.900727,25.549302],[36.905447,25.53913],[36.911957,25.53498],[36.923188,25.519436],[36.927582,25.52851],[36.920421,25.555121],[36.913585,25.569159],[36.915863,25.56802],[36.916515,25.571438],[36.91391,25.578803],[36.91505,25.580552],[36.921153,25.576239],[36.925792,25.576565],[36.928396,25.583808],[36.927745,25.593085],[36.923025,25.602851],[36.914399,25.606635],[36.904633,25.603176],[36.898204,25.595445],[36.898123,25.584052],[36.899425,25.577786],[36.900727,25.549302]],[[36.683116,25.572333],[36.667735,25.581],[36.659434,25.582099],[36.654796,25.57807],[36.654145,25.573717],[36.6574,25.572577],[36.655935,25.571845],[36.647146,25.57095],[36.63795,25.574612],[36.634532,25.582913],[36.6338,25.589993],[36.631114,25.592434],[36.622895,25.590522],[36.609386,25.591539],[36.596202,25.600246],[36.570323,25.624457],[36.562022,25.627183],[36.553966,25.631334],[36.548839,25.637844],[36.543956,25.639635],[36.537934,25.639838],[36.531016,25.644599],[36.523936,25.652899],[36.522634,25.662177],[36.539399,25.684963],[36.545258,25.696479],[36.54363,25.702867],[36.53533,25.698147],[36.524425,25.685777],[36.499685,25.662543],[36.491466,25.645087],[36.497732,25.623969],[36.510509,25.610419],[36.52947,25.593817],[36.539399,25.589179],[36.546072,25.603217],[36.567719,25.598456],[36.647797,25.561469],[36.660981,25.552802],[36.667654,25.54975],[36.676036,25.554755],[36.681977,25.566352],[36.683116,25.572333]],[[36.544281,25.73135],[36.551768,25.719794],[36.562999,25.713284],[36.583018,25.698676],[36.595551,25.696601],[36.605642,25.701117],[36.611095,25.709459],[36.607595,25.711249],[36.596039,25.708889],[36.58839,25.71426],[36.586681,25.719794],[36.58546,25.725491],[36.588715,25.738511],[36.597341,25.751695],[36.59783,25.758368],[36.590831,25.759345],[36.583263,25.762274],[36.564138,25.778795],[36.555431,25.796332],[36.55836,25.815823],[36.56658,25.832994],[36.577485,25.848578],[36.590831,25.860541],[36.583669,25.857896],[36.558442,25.836371],[36.542491,25.801947],[36.54005,25.760484],[36.542735,25.739325],[36.544281,25.73135]],[[34.731882,27.957141],[34.732162,27.918943],[34.704695,27.908368],[34.681039,27.915174],[34.661786,27.930218],[34.681773,27.958703],[34.731882,27.957141]],[[34.585134,27.955146],[34.583995,27.957953],[34.5796,27.965522],[34.57488,27.972113],[34.572765,27.972154],[34.570567,27.974107],[34.557953,27.97016],[34.528819,27.965888],[34.511892,27.967475],[34.507904,27.971177],[34.503184,27.975572],[34.506847,27.986233],[34.51824,27.99136],[34.5442,27.996039],[34.540538,28.003119],[34.534841,28.008246],[34.517426,28.016506],[34.517345,28.016547],[34.510753,28.014146],[34.504893,28.009914],[34.500011,28.003811],[34.49643,27.996202],[34.496349,27.996039],[34.494477,28.001654],[34.494395,28.001776],[34.493012,28.0008],[34.489513,27.996039],[34.494395,27.988227],[34.497813,27.968736],[34.496349,27.955146],[34.498139,27.953111],[34.518077,27.930406],[34.547211,27.919664],[34.582205,27.917914],[34.620453,27.920356],[34.620453,27.927802],[34.601329,27.942613],[34.585216,27.955064],[34.585134,27.955146]],[[54.382579,24.439521],[54.430431,24.425238],[54.456716,24.420803],[54.470551,24.425035],[54.469737,24.436469],[54.451427,24.453192],[54.414317,24.470608],[54.396658,24.483466],[54.389415,24.501573],[54.389415,24.501614],[54.396251,24.52265],[54.396251,24.522691],[54.389415,24.522691],[54.375336,24.503607],[54.334809,24.46898],[54.334809,24.46894],[54.334809,24.453192],[54.382579,24.439521]],[[54.325857,24.373033],[54.304861,24.385932],[54.292003,24.384508],[54.295177,24.37523],[54.309906,24.36518],[54.312673,24.359849],[54.311371,24.355292],[54.306895,24.357245],[54.297211,24.36286],[54.286143,24.365546],[54.279063,24.364447],[54.281586,24.357489],[54.30893,24.31387],[54.32545,24.321275],[54.336111,24.350328],[54.335297,24.364],[54.325857,24.373033]],[[54.266368,24.294501],[54.257335,24.287746],[54.247813,24.283189],[54.239268,24.281195],[54.228282,24.281399],[54.222179,24.284491],[54.205089,24.302924],[54.192393,24.311103],[54.183116,24.315009],[54.179454,24.321438],[54.184581,24.337063],[54.191905,24.346177],[54.203787,24.353746],[54.218028,24.357978],[54.232432,24.357571],[54.241222,24.340766],[54.25115,24.326565],[54.273448,24.302924],[54.266368,24.294501]],[[54.190766,24.22724],[54.198822,24.253079],[54.198904,24.253119],[54.188324,24.277493],[54.175873,24.290147],[54.150401,24.315985],[54.1421,24.322699],[54.136974,24.32689],[54.115245,24.318508],[54.101573,24.297756],[54.101573,24.297675],[54.112559,24.271674],[54.134125,24.260403],[54.159353,24.253811],[54.180837,24.245063],[54.190766,24.22724]],[[53.656993,24.158393],[53.684255,24.156724],[53.694184,24.153632],[53.694347,24.153591],[53.711599,24.144721],[53.741466,24.13349],[53.774669,24.130113],[53.807302,24.135972],[53.834483,24.152167],[53.826996,24.158393],[53.837413,24.177436],[53.849376,24.174221],[53.857107,24.161444],[53.854991,24.152167],[53.884613,24.141181],[53.920421,24.139838],[53.95102,24.149726],[53.964854,24.172593],[53.9546,24.200995],[53.93393,24.208645],[53.926606,24.211371],[53.892345,24.217841],[53.888601,24.219957],[53.863048,24.234687],[53.858409,24.239203],[53.848155,24.254543],[53.848155,24.254584],[53.852306,24.259752],[53.853526,24.262681],[53.848155,24.275051],[53.83961,24.26435],[53.828624,24.25845],[53.801036,24.247748],[53.77711,24.229885],[53.770274,24.22724],[53.765147,24.228258],[53.76295,24.228705],[53.748302,24.234442],[53.738943,24.234687],[53.727143,24.231147],[53.72283,24.229885],[53.715831,24.225694],[53.710216,24.222317],[53.691173,24.206732],[53.680675,24.20185],[53.656098,24.193508],[53.656098,24.193427],[53.654633,24.192613],[53.643321,24.186265],[53.627778,24.171942],[53.628184,24.164211],[53.639496,24.160468],[53.656993,24.158393]],[[53.322759,24.262691],[53.331542,24.277546],[53.331589,24.288463],[53.345793,24.298335],[53.369773,24.301218],[53.38834,24.312057],[53.427632,24.328759],[53.44044,24.341254],[53.447032,24.379828],[53.446788,24.37995],[53.423595,24.39175],[53.42213,24.397162],[53.417654,24.40705],[53.416759,24.412828],[53.399099,24.401435],[53.361583,24.350775],[53.361583,24.350735],[53.367686,24.340888],[53.368907,24.330146],[53.36671,24.319241],[53.357849,24.315161],[53.348065,24.320162],[53.338327,24.33608],[53.329607,24.336115],[53.311046,24.328246],[53.278087,24.316148],[53.272716,24.312567],[53.267589,24.308254],[53.241873,24.297797],[53.231781,24.295559],[53.194347,24.302965],[53.191254,24.30036],[53.187673,24.294257],[53.184581,24.287014],[53.184093,24.281236],[53.186534,24.275946],[53.189138,24.275865],[53.192719,24.277004],[53.213838,24.280926],[53.228001,24.278897],[53.266142,24.27381],[53.276008,24.288666],[53.294504,24.279667],[53.308666,24.278623],[53.322759,24.262691]],[[47.965531,29.576298],[48.023859,29.584809],[48.041923,29.582093],[48.066349,29.577556],[48.085948,29.575019],[48.09254,29.565823],[48.113536,29.554633],[48.154518,29.53909],[48.176758,29.541916],[48.180917,29.562217],[48.161306,29.60163],[48.119151,29.654527],[48.096039,29.699164],[48.078868,29.743964],[48.052419,29.742987],[48.021739,29.779731],[47.995616,29.827704],[47.982677,29.860663],[47.979503,29.884345],[47.979747,29.921454],[47.975271,29.942572],[47.965505,29.962063],[47.955089,29.977281],[47.948009,29.994045],[47.948497,30.017646],[47.940929,30.026516],[47.941742,30.037258],[47.946056,30.049384],[47.948497,30.062323],[47.947113,30.07453],[47.934825,30.107082],[47.951671,30.088324],[47.958507,30.060614],[47.961925,30.030341],[47.969005,30.004055],[48.038259,30.036851],[48.076345,30.04564],[48.119151,30.044989],[48.165782,30.037543],[48.209239,30.024482],[48.264659,29.993964],[48.299571,29.984524],[48.33546,29.961412],[48.411876,29.938422],[48.520518,29.9289],[48.546886,29.934719],[48.559255,29.946601],[48.554942,29.956488],[48.530772,29.956204],[48.530772,29.960761],[48.531016,29.96133],[48.532074,29.963813],[48.537446,29.969875],[48.537446,29.963039],[48.61085,29.957017],[48.6338,29.963039],[48.642345,29.967963],[48.651378,29.975002],[48.658702,29.983629],[48.661632,29.993476],[48.658946,30.00727],[48.645518,30.026109],[48.640636,30.038072],[48.643321,30.055406],[48.659516,30.052232],[48.701996,30.031928],[48.771983,30.032375],[48.791352,30.024482],[48.808849,30.03144],[48.87672,30.024482],[48.897227,30.029446],[48.915294,30.042182],[48.928559,30.060004],[48.934825,30.079739],[48.934255,30.09101],[48.928559,30.110053],[48.927989,30.120673],[48.930837,30.131985],[48.939708,30.152533],[48.941661,30.165107],[48.936046,30.21011],[48.929535,30.232652],[48.921153,30.250434],[48.904796,30.266018],[48.884532,30.279364],[48.867035,30.294745],[48.85963,30.31623],[48.863048,30.321519],[48.86964,30.329495],[48.873709,30.336656],[48.862315,30.345608],[48.867361,30.3581],[48.87615,30.370103],[48.880138,30.374579],[48.934825,30.418647],[48.946462,30.421576],[49.000499,30.415188],[49.017345,30.414944],[49.037283,30.432522],[49.02947,30.450263],[49.004405,30.464016],[48.972667,30.469468],[48.945649,30.479722],[48.952973,30.50019],[48.981456,30.515611],[49.017345,30.511135],[49.034353,30.519273],[49.05128,30.518378],[49.069347,30.513821],[49.089366,30.511135],[49.094412,30.512193],[49.10377,30.516832],[49.110118,30.517971],[49.116954,30.514879],[49.128103,30.501125],[49.134044,30.497463],[49.14796,30.500393],[49.158214,30.506985],[49.166759,30.508775],[49.175059,30.497463],[49.171153,30.493109],[49.169688,30.489732],[49.168224,30.476996],[49.183849,30.487047],[49.199392,30.501614],[49.211192,30.506334],[49.219005,30.469794],[49.228282,30.454413],[49.243175,30.446031],[49.263845,30.449652],[49.262869,30.432563],[49.257172,30.421861],[49.227712,30.389228],[49.208751,30.360093],[49.202891,30.346625],[49.189952,30.362209],[49.176443,30.372748],[49.159679,30.378852],[49.137462,30.380764],[49.123383,30.385077],[49.082367,30.403795],[49.062022,30.408108],[49.043712,30.405666],[49.010753,30.395941],[48.989431,30.395006],[48.948578,30.401068],[48.931814,30.397162],[48.921153,30.380764],[48.953298,30.373521],[48.979503,30.361762],[48.997081,30.34162],[49.003673,30.309394],[49.017345,30.298285],[49.083507,30.264838],[49.1067,30.257799],[49.124034,30.256415],[49.134776,30.246324],[49.143321,30.233547],[49.161388,30.223782],[49.178477,30.225898],[49.192882,30.237738],[49.20338,30.254462],[49.209158,30.27147],[49.221202,30.264553],[49.22169,30.258205],[49.21754,30.251776],[49.215994,30.244208],[49.215505,30.229193],[49.215994,30.223782],[49.220225,30.217922],[49.23406,30.209418],[49.237071,30.206366],[49.235688,30.165107],[49.245128,30.15648],[49.271251,30.154853],[49.29184,30.158515],[49.329275,30.172268],[49.349946,30.175279],[49.358409,30.173163],[49.372813,30.163764],[49.383962,30.161689],[49.396007,30.162787],[49.417654,30.167467],[49.428233,30.168524],[49.44988,30.167182],[49.459321,30.165188],[49.469086,30.161689],[49.479828,30.156073],[49.483653,30.151801],[49.486176,30.146389],[49.493419,30.137437],[49.501231,30.120063],[49.501638,30.074897],[49.50408,30.058661],[49.532237,30.022935],[49.564464,30.016832],[49.600759,30.030097],[49.914561,30.203925],[49.95102,30.215033],[49.988292,30.219916],[50.024099,30.216254],[50.050629,30.207343],[50.058849,30.204576],[50.073416,30.195746],[50.079356,30.185248],[50.084727,30.168891],[50.097911,30.148505],[50.113617,30.130316],[50.127696,30.120673],[50.121837,30.09455],[50.144786,30.037909],[50.133962,30.004055],[50.147472,29.998236],[50.153331,29.991034],[50.149669,29.985175],[50.133962,29.983547],[50.137543,29.972968],[50.138438,29.954657],[50.141368,29.942572],[50.144867,29.938056],[50.183849,29.903144],[50.225108,29.881171],[50.243826,29.866848],[50.267914,29.836371],[50.313324,29.763983],[50.340017,29.730292],[50.367035,29.704088],[50.381602,29.685004],[50.387869,29.665107],[50.396983,29.654731],[50.456065,29.634101],[50.48878,29.605373],[50.504568,29.586086],[50.511404,29.568915],[50.52003,29.555976],[50.572765,29.518012],[50.601085,29.480658],[50.606944,29.469631],[50.607432,29.499498],[50.622732,29.493069],[50.6421,29.469794],[50.655284,29.449123],[50.663097,29.421942],[50.668224,29.38227],[50.66863,29.343329],[50.661469,29.318793],[50.673595,29.299628],[50.679861,29.293647],[50.689464,29.290839],[50.687022,29.283881],[50.682628,29.243069],[50.667491,29.25727],[50.658376,29.249945],[50.651866,29.233344],[50.644786,29.219794],[50.635753,29.207709],[50.633067,29.195502],[50.634939,29.171332],[50.643809,29.143459],[50.665863,29.12641],[50.693696,29.12344],[50.720225,29.137193],[50.738292,29.140082],[50.816417,29.144192],[50.840343,29.140611],[50.844005,29.135199],[50.845958,29.126858],[50.847179,29.109931],[50.850841,29.105455],[50.859141,29.107815],[50.868337,29.112047],[50.87436,29.113267],[50.886567,29.104071],[50.893321,29.093899],[50.901703,29.064887],[50.920177,29.069037],[50.929942,29.054633],[50.932384,29.03148],[50.928966,29.00967],[50.922211,28.999213],[50.902029,28.983385],[50.894867,28.976142],[50.893403,28.965033],[50.89796,28.956732],[50.899262,28.949449],[50.888682,28.941392],[50.878917,28.957994],[50.862478,28.976142],[50.842784,28.990668],[50.823253,28.996649],[50.802582,28.985826],[50.798839,28.961127],[50.804861,28.93358],[50.812999,28.9147],[50.860037,28.862454],[50.867686,28.842678],[50.87615,28.832017],[50.896007,28.827338],[50.936534,28.825344],[50.978689,28.816636],[51.010916,28.79914],[51.036388,28.772528],[51.058849,28.735907],[51.071544,28.692694],[51.07252,28.565253],[51.08074,28.533922],[51.141856,28.400784],[51.149425,28.39053],[51.182384,28.359768],[51.217621,28.311428],[51.229991,28.298407],[51.264822,28.270453],[51.28533,28.240912],[51.286876,28.214301],[51.264822,28.160549],[51.269759,28.140454],[51.290369,28.121519],[51.30753,28.107132],[51.345222,28.052669],[51.36061,28.016378],[51.380271,27.991418],[51.399876,27.931713],[51.420405,27.933201],[51.428156,27.961147],[51.452077,27.947515],[51.475096,27.91348],[51.496424,27.893041],[51.539135,27.881627],[51.570323,27.877631],[51.575531,27.872789],[51.578868,27.865302],[51.580089,27.85578],[51.585134,27.849311],[51.596934,27.846666],[51.683443,27.830581],[51.722799,27.825117],[51.785295,27.835454],[51.823864,27.843597],[51.85963,27.845893],[51.878429,27.835354],[51.894298,27.830878],[51.963715,27.838446],[52.011241,27.832709],[52.052582,27.817369],[52.089203,27.795396],[52.207205,27.698228],[52.244884,27.681383],[52.423106,27.646633],[52.459646,27.632636],[52.492524,27.609442],[52.567638,27.540717],[52.574474,27.530585],[52.590505,27.497748],[52.598399,27.485826],[52.613536,27.474677],[52.654145,27.460883],[52.670095,27.448635],[52.678966,27.425279],[52.666515,27.415351],[52.644867,27.413316],[52.62615,27.413886],[52.605235,27.412055],[52.588552,27.405504],[52.579112,27.392768],[52.58074,27.37226],[52.601329,27.352932],[52.678803,27.322374],[52.732188,27.301337],[52.767751,27.279731],[52.848318,27.215277],[52.894298,27.20307],[52.914724,27.191962],[52.92335,27.170233],[52.932628,27.160346],[52.992198,27.146959],[53.004731,27.133246],[53.01531,27.117336],[53.028656,27.104071],[53.050141,27.098578],[53.072032,27.096869],[53.41212,26.993557],[53.444102,26.975653],[53.461111,26.957099],[53.469086,26.937201],[53.471446,26.889635],[53.477224,26.870103],[53.491547,26.854315],[53.588634,26.788764],[53.663829,26.749091],[53.716075,26.708564],[53.728282,26.704739],[53.75172,26.716051],[53.776134,26.71426],[53.820811,26.701321],[53.842784,26.702094],[53.883474,26.712348],[53.929373,26.718004],[53.995128,26.745592],[54.015798,26.749457],[54.026215,26.749091],[54.034516,26.745307],[54.053722,26.731635],[54.064464,26.728583],[54.081716,26.726142],[54.150401,26.708197],[54.171397,26.706122],[54.247569,26.710842],[54.266856,26.715766],[54.286876,26.718655],[54.308116,26.714993],[54.337738,26.693427],[54.356619,26.662828],[54.37143,26.630845],[54.389415,26.605129],[54.425629,26.589342],[54.516612,26.592515],[54.56129,26.584662],[54.590587,26.559963],[54.602875,26.530992],[54.619965,26.508246],[54.663829,26.502021],[54.749685,26.508938],[54.761567,26.506822],[54.778494,26.49787],[54.791026,26.495836],[54.801524,26.498236],[54.80893,26.503852],[54.815196,26.510443],[54.822032,26.515774],[54.930675,26.572659],[55.026866,26.642646],[55.037934,26.648912],[55.103282,26.701321],[55.118175,26.707587],[55.16212,26.719143],[55.181651,26.721177],[55.205903,26.726386],[55.215587,26.739488],[55.221039,26.757392],[55.232921,26.776435],[55.270844,26.792548],[55.316742,26.787095],[55.397309,26.762152],[55.442231,26.759914],[55.48406,26.767524],[55.521739,26.784573],[55.554454,26.810533],[55.568533,26.830797],[55.580414,26.859117],[55.586436,26.889065],[55.582367,26.91356],[55.575043,26.907172],[55.568858,26.90412],[55.554454,26.899888],[55.608572,26.953681],[55.61964,26.961371],[55.632335,26.967515],[55.665863,26.995429],[55.684825,27.002997],[55.694835,27.002753],[55.726329,26.996161],[55.763682,26.996161],[55.772472,26.998277],[55.787283,27.007717],[55.79835,27.009752],[55.831798,27.008734],[55.842459,27.009752],[55.8838,27.018744],[55.928396,27.023424],[55.939301,27.026679],[55.95753,27.040758],[55.962738,27.043931],[55.963145,27.048041],[55.987315,27.066352],[56.054535,27.102607],[56.071788,27.115627],[56.080414,27.120754],[56.088145,27.122219],[56.093516,27.125556],[56.095551,27.136135],[56.098888,27.141018],[56.115571,27.155748],[56.123709,27.160631],[56.150157,27.165351],[56.21518,27.167873],[56.236583,27.177069],[56.259613,27.19123],[56.291189,27.198472],[56.353038,27.201606],[56.384125,27.197496],[56.436534,27.17886],[56.466156,27.173651],[56.528575,27.170722],[56.558604,27.165188],[56.582856,27.153144],[56.589692,27.160631],[56.612315,27.154242],[56.716075,27.153144],[56.725597,27.14883],[56.733084,27.139228],[56.742361,27.129584],[56.757335,27.12523],[56.784434,27.125312],[56.797211,27.12934],[56.808849,27.139553],[56.815196,27.117011],[56.831391,27.096137],[56.855317,27.081692],[56.884613,27.07807],[56.884613,27.070624],[56.875987,27.064399],[56.858409,27.047431],[56.853526,27.043931],[56.844086,27.040229],[56.843761,27.032904],[56.850597,27.027655],[56.863455,27.03026],[56.862966,27.020087],[56.865489,27.011868],[56.871349,27.00845],[56.89088,27.017035],[56.897797,27.013007],[56.903087,27.006415],[56.908214,27.002997],[56.913097,27.0008],[56.917247,26.99608],[56.923106,26.9914],[56.932384,26.989325],[56.942556,26.991116],[56.973318,27.002997],[56.967052,26.994818],[56.963552,26.985053],[56.964854,26.975653],[56.973318,26.968817],[56.961111,26.963853],[56.95102,26.958157],[56.940115,26.954291],[56.925548,26.955146],[56.93572,26.945543],[56.966482,26.927232],[56.96518,26.911119],[56.977306,26.895331],[57.011241,26.868883],[57.024913,26.850979],[57.090017,26.618801],[57.093435,26.572211],[57.076345,26.447455],[57.076671,26.438218],[57.080333,26.415351],[57.083181,26.40648],[57.087901,26.398993],[57.107107,26.38227],[57.118175,26.364325],[57.125255,26.341864],[57.131033,26.296617],[57.138438,26.290432],[57.133067,26.263739],[57.199229,26.198188],[57.212901,26.166246],[57.201996,26.146226],[57.170909,26.115627],[57.164561,26.094916],[57.166759,26.082994],[57.176524,26.063544],[57.180512,26.046861],[57.194102,26.010972],[57.196788,25.999172],[57.198578,25.995022],[57.202647,25.993883],[57.215343,25.995836],[57.219737,25.995022],[57.242035,25.970893],[57.243663,25.967027],[57.253591,25.95897],[57.261974,25.939887],[57.274425,25.8994],[57.298676,25.8487],[57.304373,25.79975],[57.311534,25.784125],[57.326182,25.777004],[57.459972,25.769029],[57.452485,25.762885],[57.520681,25.743557],[57.545584,25.741767],[57.555837,25.742825],[57.575694,25.747504],[57.587169,25.748521],[57.598806,25.746405],[57.61964,25.737006],[57.631847,25.734931],[57.687185,25.746405],[57.709727,25.748521],[57.734711,25.747707],[57.755626,25.742743],[57.771251,25.730455],[57.781505,25.707587],[57.783051,25.699774],[57.782481,25.696112],[57.779796,25.691148],[57.77589,25.679674],[57.771739,25.635565],[57.787446,25.635443],[57.809418,25.647773],[57.843516,25.672838],[57.884044,25.691636],[57.925304,25.701321],[57.963227,25.693183],[57.994314,25.659166],[58.024181,25.601874],[58.046235,25.574937],[58.07309,25.563625],[58.106212,25.558905],[58.137869,25.549791],[58.170421,25.544094],[58.207286,25.549302],[58.242442,25.571438],[58.248302,25.573879],[58.251964,25.56684],[58.260753,25.565741],[58.271007,25.568671],[58.278982,25.573879],[58.290701,25.583726],[58.295584,25.583889],[58.299001,25.57982],[58.305919,25.577297],[58.321056,25.580797],[58.344086,25.598131],[58.357595,25.60456],[58.389659,25.610297],[58.418956,25.612006],[58.411794,25.596015],[58.430512,25.587958],[58.484141,25.584662],[58.546397,25.593655],[58.728038,25.563625],[58.813731,25.563625],[58.825206,25.56037],[58.830577,25.552314],[58.834158,25.542385],[58.840343,25.532904],[58.84962,25.528795],[58.884451,25.529486],[58.923513,25.513373],[58.94809,25.486518],[58.994314,25.419623],[59.007335,25.409735],[59.024181,25.403225],[59.043956,25.399604],[59.066905,25.398505],[59.076182,25.400702],[59.08546,25.404608],[59.094086,25.406399],[59.101329,25.402248],[59.108735,25.395697],[59.117198,25.394192],[59.138357,25.398505],[59.195323,25.422919],[59.251069,25.430732],[59.279145,25.434719],[59.397288,25.451846],[59.453902,25.461607],[59.490443,25.443467],[59.53799,25.39975],[59.613997,25.383777],[59.659134,25.383361],[59.774873,25.389869],[59.819865,25.379201],[59.861696,25.343057],[59.903806,25.329863],[59.940823,25.354911],[59.994423,25.35685],[60.045325,25.363858],[60.082038,25.36595],[60.097911,25.35814],[60.108897,25.34512],[60.11671,25.33983],[60.15089,25.335273],[60.161876,25.331977],[60.181977,25.319892],[60.20921,25.319689],[60.215974,25.33828],[60.195079,25.351223],[60.192556,25.356147],[60.192556,25.362006],[60.201508,25.371161],[60.207367,25.373114],[60.235037,25.377997],[60.271251,25.379584],[60.289399,25.377183],[60.303966,25.371161],[60.299653,25.367255],[60.290294,25.351304],[60.319223,25.329851],[60.362559,25.330552],[60.382823,25.320258],[60.423523,25.304965],[60.455645,25.29279],[60.467246,25.290276],[60.470063,25.303087],[60.441091,25.316596],[60.441254,25.318793],[60.452207,25.317385],[60.441661,25.327582],[60.437673,25.33393],[60.433442,25.336493],[60.424815,25.336371],[60.413748,25.341295],[60.406912,25.341946],[60.402029,25.344672],[60.398123,25.364976],[60.39503,25.371324],[60.395274,25.377875],[60.403331,25.388861],[60.418956,25.405992],[60.428477,25.419623],[60.445649,25.428168],[60.514171,25.447333],[60.532074,25.44892],[60.549653,25.446926],[60.565196,25.438625],[60.601573,25.405951],[60.604747,25.397162],[60.604991,25.341051],[60.608165,25.327582],[60.632335,25.296088],[60.616954,25.283189],[60.633474,25.27497],[60.727712,25.26439],[60.86671,25.234605],[61.03061,25.209784],[61.170269,25.16444],[61.185476,25.139608],[61.185068,25.123249],[61.24353,25.111886],[61.411717,25.059408],[61.435069,25.087714],[61.420584,25.096869],[61.475108,25.11164],[61.489513,25.118598],[61.497406,25.125434],[61.498546,25.129381],[61.498546,25.13467],[61.503184,25.14525],[61.518809,25.16352],[61.524181,25.173163],[61.515961,25.181871],[61.506196,25.186835],[61.482595,25.193671],[61.504242,25.208808],[61.520763,25.208645],[61.536957,25.202704],[61.55836,25.200507],[61.552745,25.205064],[61.542817,25.215644],[61.537283,25.220364],[61.540375,25.226508],[61.54184,25.24258],[61.544688,25.248277],[61.554454,25.254096],[61.559255,25.250963],[61.562348,25.244818],[61.579763,25.233466],[61.581879,25.216702],[61.588227,25.202094],[61.612478,25.200507]],[[48.352712,29.709784],[48.359548,29.754462],[48.344493,29.790595],[48.188731,29.983547],[48.175792,29.991889],[48.16212,29.995673],[48.14796,29.99494],[48.133556,29.989691],[48.12086,29.981391],[48.11671,29.974066],[48.120291,29.971422],[48.122732,29.969672],[48.140391,29.969875],[48.140391,29.969794],[48.139415,29.962836],[48.139415,29.962795],[48.140391,29.952216],[48.142833,29.941718],[48.147227,29.935126],[48.156749,29.931138],[48.169932,29.936469],[48.181326,29.935126],[48.181407,29.935085],[48.197439,29.92536],[48.193696,29.916449],[48.178884,29.908515],[48.160818,29.901557],[48.166515,29.885932],[48.158702,29.879218],[48.144867,29.878323],[48.133556,29.879869],[48.109223,29.893622],[48.095063,29.894721],[48.085134,29.879869],[48.085297,29.87991],[48.0949,29.880316],[48.103282,29.879136],[48.119151,29.873603],[48.113292,29.839097],[48.109548,29.833319],[48.098481,29.830715],[48.076834,29.817572],[48.065196,29.812201],[48.046072,29.800482],[48.046072,29.800442],[48.053722,29.790025],[48.073741,29.77969],[48.079275,29.773912],[48.085134,29.767808],[48.12672,29.702338],[48.161632,29.629706],[48.185802,29.603949],[48.222341,29.600531],[48.229015,29.599921],[48.266287,29.615953],[48.303071,29.645209],[48.333832,29.679267],[48.352712,29.709784]],[[48.338227,29.462795],[48.298513,29.473131],[48.281098,29.471096],[48.27003,29.455959],[48.27003,29.455878],[48.269242,29.429685],[48.290404,29.430649],[48.316867,29.427013],[48.335927,29.420593],[48.363482,29.399436],[48.373014,29.393919],[48.382541,29.392089],[48.397356,29.387497],[48.399464,29.397639],[48.389008,29.424872],[48.381114,29.433987],[48.37322,29.443061],[48.361664,29.451606],[48.353852,29.457424],[48.338227,29.462795]],[[56.212413,27.002997],[56.173188,27.002346],[56.041026,26.975653],[55.935557,26.914781],[55.897716,26.906806],[55.757986,26.954047],[55.732595,26.940904],[55.739431,26.932929],[55.756114,26.921332],[55.773204,26.906724],[55.781016,26.889635],[55.785655,26.844957],[55.782074,26.826158],[55.766775,26.810533],[55.771169,26.803656],[55.774181,26.796942],[55.764496,26.793891],[55.754161,26.786078],[55.746837,26.783271],[55.736827,26.782416],[55.716075,26.783922],[55.705821,26.783271],[55.640391,26.760565],[55.620453,26.74608],[55.574229,26.720689],[55.574067,26.720649],[55.570486,26.719387],[55.557872,26.714993],[55.538422,26.712958],[55.404796,26.674018],[55.35198,26.647488],[55.351899,26.647447],[55.348969,26.64822],[55.342784,26.649807],[55.331879,26.645331],[55.284679,26.660224],[55.273774,26.649807],[55.284028,26.618801],[55.289236,26.613593],[55.287364,26.602281],[55.28061,26.584662],[55.285411,26.559963],[55.290538,26.548489],[55.294119,26.546291],[55.29835,26.543647],[55.298432,26.543647],[55.307628,26.544908],[55.319835,26.548285],[55.33074,26.553616],[55.335297,26.560452],[55.33961,26.568996],[55.349783,26.568996],[55.361095,26.565619],[55.366547,26.564602],[55.369477,26.564114],[55.369558,26.564114],[55.378754,26.567288],[55.397309,26.577826],[55.441173,26.588609],[55.50294,26.594875],[55.520518,26.603258],[55.554454,26.625637],[55.610362,26.646918],[55.664236,26.681545],[55.685557,26.690497],[55.705821,26.694525],[55.751313,26.688544],[55.772716,26.688381],[55.79127,26.697903],[55.809825,26.712063],[55.876638,26.742906],[55.902192,26.72484],[55.924001,26.705024],[55.947032,26.696275],[55.97641,26.711575],[56.025645,26.754096],[56.03419,26.759019],[56.042817,26.768134],[56.080821,26.785346],[56.089366,26.793524],[56.095876,26.806871],[56.137218,26.844672],[56.148692,26.862006],[56.171397,26.906806],[56.193533,26.924547],[56.255219,26.938788],[56.271332,26.946967],[56.287446,26.955146],[56.27947,26.973822],[56.273611,26.977769],[56.25766,26.988715],[56.232107,26.998765],[56.212413,27.002997]],[[61.612478,25.200507],[61.624197,25.204413],[61.634125,25.203925],[61.650157,25.200507],[61.682791,25.201646],[61.694184,25.200507],[61.702485,25.197008],[61.70753,25.192206],[61.713634,25.188056],[61.725352,25.186225],[61.73113,25.184068],[61.744314,25.174954],[61.749522,25.173163],[61.755138,25.175605],[61.763927,25.184272],[61.766856,25.186225],[61.773692,25.188422],[61.779552,25.191067],[61.783051,25.187974],[61.783702,25.173163],[61.780121,25.162543],[61.766775,25.145657],[61.763845,25.134996],[61.762706,25.121975],[61.76002,25.115383],[61.749522,25.104315],[61.732432,25.09162],[61.728526,25.083075],[61.73585,25.069525],[61.725759,25.058905],[61.720064,25.037436],[61.729551,25.021783],[61.754868,25.013467],[61.790478,25.017763],[61.814853,25.02618],[61.835216,25.038398],[61.847341,25.037909],[61.857432,25.06684],[61.866384,25.075426],[61.869884,25.083889],[61.881114,25.103013],[61.929498,25.109563],[61.98911,25.108074],[62.035841,25.103044],[62.075551,25.100749],[62.097179,25.107123],[62.088902,25.118422],[62.077828,25.127713],[62.07309,25.15058],[62.058989,25.161636],[62.068045,25.178142],[62.080031,25.197152],[62.102712,25.205146],[62.145193,25.218411],[62.191809,25.220081],[62.225792,25.214054],[62.254222,25.212032],[62.275184,25.19989],[62.297479,25.185133],[62.303977,25.166923],[62.318126,25.141832],[62.315278,25.130194],[62.308279,25.12816],[62.299327,25.128811],[62.290782,25.124742],[62.287771,25.12226],[62.283946,25.11994],[62.280284,25.116604],[62.256055,25.098627],[62.289954,25.090016],[62.339713,25.087399],[62.381052,25.087572],[62.387243,25.101575],[62.373222,25.108394],[62.35199,25.112829],[62.339122,25.124742],[62.336192,25.139838],[62.34311,25.155463],[62.354747,25.16942],[62.365896,25.179389],[62.385265,25.19245],[62.413829,25.206529],[62.444347,25.213935],[62.469493,25.206732],[62.489431,25.214179],[62.467621,25.223538],[62.465017,25.23725],[62.477179,25.259064],[62.527479,25.264188],[62.604959,25.265997],[62.770518,25.261908],[62.942393,25.227769],[63.027843,25.220364],[63.050955,25.224189],[63.113129,25.255113],[63.144054,25.260932],[63.178477,25.258043],[63.244151,25.241441],[63.291352,25.222805],[63.308116,25.220364],[63.376964,25.227769],[63.411143,25.22248],[63.468761,25.199042],[63.500499,25.193671],[63.506602,25.195502],[63.511729,25.200263],[63.515391,25.206855],[63.517914,25.214179],[63.518728,25.220852],[63.516856,25.223578],[63.511974,25.226711],[63.4817,25.260159],[63.474132,25.273139],[63.469493,25.289252],[63.485199,25.284329],[63.495779,25.291409],[63.510509,25.316596],[63.537608,25.344468],[63.554373,25.356187],[63.57252,25.364976],[63.604666,25.374416],[63.669932,25.383612],[63.737804,25.385321],[63.804942,25.374986],[63.906586,25.341213],[63.944102,25.334906],[63.969737,25.344468],[63.987071,25.338324],[64.004893,25.339016],[64.042003,25.344468],[64.059744,25.34455],[64.066742,25.346259],[64.0796,25.364976],[64.061697,25.399156],[64.048839,25.41649],[64.035167,25.416205],[64.021495,25.402737],[64.011729,25.397284],[64.004242,25.402045],[63.997081,25.419623],[63.991384,25.416653],[63.976573,25.412787],[63.989594,25.425442],[64.045421,25.450344],[64.056488,25.441718],[64.081554,25.443752],[64.127289,25.453762],[64.140636,25.453355],[64.150727,25.451402],[64.155284,25.446926],[64.15089,25.432115],[64.14088,25.42886],[64.117442,25.433254],[64.106212,25.433254],[64.093761,25.431789],[64.083751,25.426744],[64.0796,25.416205],[64.083507,25.40351],[64.092296,25.395982],[64.101736,25.390855],[64.106944,25.385443],[64.103689,25.367865],[64.094737,25.349921],[64.094493,25.335883],[64.18393,25.318671],[64.24464,25.316596],[64.252778,25.311591],[64.265798,25.298651],[64.275076,25.296088],[64.318207,25.292304],[64.360688,25.283026],[64.382823,25.27147],[64.417491,25.240912],[64.439301,25.234605],[64.448009,25.235745],[64.46754,25.240383],[64.480235,25.241441],[64.492035,25.245673],[64.506602,25.266913],[64.518403,25.27558],[64.53712,25.275865],[64.56544,25.27025],[64.593028,25.261298],[64.610606,25.251695],[64.627696,25.228461],[64.626964,25.211615],[64.600352,25.173163],[64.615245,25.173163],[64.640636,25.166571],[64.65504,25.165717],[64.702322,25.178778],[64.710216,25.179389],[64.709158,25.19066],[64.6963,25.197089],[64.679861,25.201483],[64.66863,25.206732],[64.663341,25.217027],[64.662771,25.229071],[64.66863,25.255113],[64.678559,25.276801],[64.695974,25.297593],[64.718516,25.314399],[64.744395,25.324042],[64.807302,25.328518],[64.839122,25.325344],[64.861095,25.316596],[64.889659,25.328355],[64.920665,25.327053],[64.980642,25.316596],[65.042003,25.316596],[65.058849,25.314521],[65.08961,25.305569],[65.118012,25.301947],[65.143403,25.295885],[65.155284,25.296088],[65.170177,25.299465],[65.180186,25.303656],[65.187999,25.311021],[65.211111,25.347846],[65.23227,25.370673],[65.259776,25.380439],[65.292328,25.364976],[65.313243,25.376858],[65.336192,25.385321],[65.362804,25.39057],[65.395356,25.392279],[65.386974,25.37641],[65.382335,25.371161],[65.400727,25.366685],[65.422862,25.372382],[65.446056,25.381008],[65.467784,25.385443],[65.488129,25.383124],[65.629731,25.34691],[65.65211,25.344468],[65.671641,25.347398],[65.724376,25.371161],[65.765391,25.377997],[65.800304,25.395819],[65.823985,25.402248],[65.858409,25.417548],[65.881521,25.419623],[65.92449,25.418606],[66.004649,25.429633],[66.069021,25.446234],[66.15919,25.446926],[66.187022,25.452948],[66.219493,25.464911],[66.251801,25.472886],[66.278656,25.467353],[66.31186,25.474921],[66.359548,25.465237],[66.437022,25.433254],[66.465505,25.411607],[66.483897,25.400539],[66.498383,25.398505],[66.511567,25.414211],[66.497895,25.430487],[66.45753,25.453762],[66.492198,25.481024],[66.475841,25.493313],[66.456228,25.496039],[66.437266,25.491278],[66.423188,25.481024],[66.411957,25.491116],[66.397146,25.512885],[66.38852,25.52204],[66.376964,25.527045],[66.363536,25.530341],[66.352712,25.535549],[66.348318,25.54621],[66.336436,25.553371],[66.309337,25.554023],[66.279145,25.549994],[66.258149,25.543118],[66.256847,25.538479],[66.258311,25.531399],[66.2588,25.524848],[66.255138,25.52204],[66.249685,25.521633],[66.245128,25.520413],[66.241547,25.518459],[66.238455,25.515815],[66.223643,25.499498],[66.213064,25.49136],[66.20045,25.48786],[66.121104,25.475165],[66.094412,25.47484],[66.099946,25.484361],[66.10963,25.495429],[66.12086,25.504584],[66.131602,25.508368],[66.13738,25.513821],[66.155772,25.549302],[66.167166,25.566067],[66.183442,25.58161],[66.203949,25.593207],[66.239757,25.599921],[66.248383,25.604682],[66.254242,25.609605],[66.258149,25.612006],[66.270518,25.61164],[66.29127,25.605943],[66.303233,25.60456],[66.338552,25.6081],[66.358653,25.614488],[66.375499,25.625678],[66.372569,25.603909],[66.387706,25.592434],[66.41212,25.590562],[66.437022,25.597724],[66.444102,25.582506],[66.477875,25.549302],[66.482921,25.538235],[66.486583,25.525621],[66.492849,25.518052],[66.50587,25.52204],[66.507335,25.517564],[66.51059,25.512926],[66.512706,25.508368],[66.531016,25.518134],[66.541677,25.492174],[66.550548,25.457099],[66.56422,25.439439],[66.587087,25.426215],[66.591156,25.399604],[66.579275,25.379381],[66.553722,25.385443],[66.547862,25.365627],[66.56072,25.349677],[66.595225,25.330227],[66.648285,25.283189],[66.659516,25.27558],[66.674083,25.269029],[66.710216,25.239244],[66.71754,25.231187],[66.721446,25.212592],[66.737153,25.181098],[66.737966,25.159491],[66.73227,25.143256],[66.713552,25.120754],[66.704438,25.104315],[66.699555,25.085273],[66.697032,25.025458],[66.681326,24.948879],[66.681326,24.910549],[66.704438,24.898871],[66.704438,24.892035],[66.677013,24.879543],[66.656749,24.85871],[66.654145,24.839179],[66.679698,24.830552],[66.691417,24.832587],[66.716319,24.841539],[66.769298,24.847235],[66.779633,24.85102],[66.802501,24.839545],[66.827322,24.844143],[66.85377,24.85224],[66.882091,24.85102],[66.903331,24.839179],[66.921886,24.824286],[66.941173,24.812567],[66.965099,24.810045],[66.960216,24.817816],[66.957856,24.825426],[66.957693,24.843573],[66.965099,24.843573],[66.972992,24.833157],[66.987315,24.822211],[67.005056,24.813544],[67.02296,24.810045],[67.063731,24.781684],[67.08253,24.774156],[67.073741,24.795803],[67.081228,24.80329],[67.099946,24.797065],[67.111095,24.797756],[67.121837,24.801215],[67.139659,24.80329],[67.148204,24.799791],[67.156016,24.791571],[67.161632,24.781399],[67.167328,24.760159],[67.176036,24.757717],[67.212657,24.764716],[67.223806,24.769721],[67.232677,24.770738],[67.245128,24.761664],[67.255544,24.747992],[67.25294,24.740383],[67.22462,24.726955],[67.199962,24.710639],[67.175548,24.688707],[67.156993,24.662909],[67.149587,24.635077],[67.15211,24.615709],[67.159923,24.61225],[67.172699,24.615871],[67.19044,24.617662],[67.208995,24.613756],[67.223888,24.607164],[67.252615,24.590318],[67.236664,24.58397],[67.21811,24.582424],[67.199474,24.584784],[67.183604,24.590318],[67.185232,24.576117],[67.18865,24.561347],[67.194591,24.547268],[67.204112,24.535102],[67.226736,24.532375],[67.230805,24.525092],[67.210948,24.50845],[67.230724,24.488837],[67.246837,24.467963],[67.256847,24.444973],[67.2588,24.419094],[67.273611,24.426947],[67.280528,24.432318],[67.286632,24.439521],[67.273611,24.395087],[67.271658,24.369086],[67.28297,24.357611],[67.325369,24.357611],[67.34254,24.353827],[67.362478,24.34394],[67.336436,24.346422],[67.305919,24.342841],[67.285981,24.329576],[67.292817,24.302965],[67.289317,24.298651],[67.283865,24.287909],[67.279145,24.281236],[67.288422,24.269965],[67.292328,24.261868],[67.293305,24.212226],[67.295584,24.199205],[67.300304,24.186265],[67.326427,24.143785],[67.337087,24.118964],[67.341319,24.086371],[67.354015,24.070868],[67.383556,24.066799],[67.440684,24.070258],[67.467296,24.064154],[67.489106,24.054104],[67.509776,24.052069],[67.533051,24.070258],[67.529796,24.054918],[67.519867,24.045071],[67.492198,24.028022],[67.478201,24.032416],[67.46811,24.021959],[67.451182,23.987698],[67.463634,23.982001],[67.506358,23.974026],[67.499766,23.951646],[67.496918,23.935614],[67.498871,23.925605],[67.509044,23.923245],[67.519867,23.92829],[67.530528,23.935492],[67.540538,23.939276],[67.532237,23.929145],[67.520518,23.90705],[67.512543,23.898261],[67.502615,23.89289],[67.495291,23.892279],[67.488048,23.893052],[67.478526,23.891506],[67.491059,23.883124],[67.546641,23.870998],[67.535899,23.880032],[67.530121,23.891262],[67.532563,23.899156],[67.546641,23.898261],[67.558116,23.888658],[67.566091,23.876451],[67.574555,23.871772],[67.58839,23.88467],[67.589366,23.866523],[67.59962,23.854234],[67.614513,23.850084],[67.629242,23.856676],[67.63738,23.874254],[67.638031,23.91592],[67.650401,23.933051],[67.651215,23.929755],[67.651052,23.926907],[67.652029,23.925279],[67.656586,23.925605],[67.656586,23.919379],[67.651052,23.90705],[67.642914,23.850491],[67.638845,23.840644],[67.634288,23.833075],[67.630707,23.824774],[67.629242,23.812649],[67.631602,23.803453],[67.637706,23.801744],[67.646495,23.802883],[67.656586,23.802069],[67.693614,23.793443],[67.715668,23.791693],[67.73227,23.795233],[67.743663,23.808783],[67.741059,23.823065],[67.730724,23.835598],[67.718598,23.843695],[67.773204,23.821112],[67.802582,23.812812],[67.831716,23.809516],[67.839041,23.823391],[67.849132,23.889472],[67.855235,23.911933],[67.863292,23.902818],[67.864513,23.86579],[67.868907,23.850491],[67.883474,23.864814],[67.891938,23.869574],[67.899913,23.86758],[67.905935,23.85928],[67.904633,23.846259],[67.909923,23.836249],[67.916759,23.833645],[67.926036,23.834052],[67.934255,23.832994],[67.937755,23.826321],[67.941661,23.815863],[67.950857,23.808905],[67.961925,23.804674],[67.971934,23.802069],[67.973399,23.805243],[67.983165,23.809638],[67.994151,23.811184],[67.999278,23.805813],[68.000336,23.797309],[68.003429,23.785305],[68.007986,23.774237],[68.01352,23.768541],[68.024425,23.774604],[68.035655,23.792426],[68.053884,23.829413],[68.041515,23.85224],[68.01352,23.939276],[68.024181,23.935248],[68.047699,23.92121],[68.063731,23.923163],[68.061697,23.911282],[68.053884,23.88467],[68.059418,23.861884],[68.07252,23.841864],[68.08839,23.826077],[68.102224,23.815741],[68.102224,23.809516],[68.088227,23.809516],[68.081716,23.80565],[68.074392,23.788398],[68.073253,23.783433],[68.074392,23.764838],[68.071056,23.760647],[68.056977,23.750963],[68.053884,23.74372],[68.062755,23.723131],[68.081716,23.708686],[68.098888,23.709296],[68.102224,23.733832],[68.130382,23.708197],[68.149099,23.694525],[68.157481,23.696234],[68.154796,23.714301],[68.144216,23.74315],[68.143321,23.761135],[68.148692,23.780911],[68.166759,23.820014],[68.170584,23.839911],[68.168712,23.844794],[68.160167,23.857856],[68.157481,23.864163],[68.156423,23.87401],[68.157481,23.905097],[68.183116,23.843451],[68.183035,23.842108],[68.182465,23.835761],[68.179698,23.82746],[68.175629,23.798245],[68.166026,23.773179],[68.163748,23.757717],[68.168142,23.747463],[68.178233,23.754299],[68.197765,23.774807],[68.197927,23.753404],[68.195811,23.733466],[68.19752,23.714545],[68.208751,23.696234],[68.224864,23.681871],[68.240977,23.674018],[68.258962,23.674709],[68.280447,23.685981],[68.27589,23.665839],[68.261892,23.661444],[68.245128,23.659125],[68.232677,23.645006],[68.220063,23.659247],[68.209321,23.662746],[68.19809,23.659084],[68.184255,23.651923],[68.181895,23.647854],[68.178233,23.634345],[68.174327,23.631415],[68.154145,23.63231],[68.150076,23.631415],[68.143403,23.612698],[68.1574,23.600816],[68.181407,23.594062],[68.230805,23.58808],[68.294119,23.590399],[68.308116,23.589057],[68.317638,23.586127],[68.327322,23.5869],[68.34197,23.596625],[68.348888,23.60342],[68.353038,23.610663],[68.351573,23.617825],[68.34197,23.623969]],[[32.255859,36.341678],[32.49151,36.38518],[33.22812,36.50459],[34.04573,36.72458],[34.67939,37.05806],[35.2506,37.37446],[35.88207,37.7028],[36.18246,38.03262],[36.29288,38.46581],[36.82115,38.65836],[37.35501,38.80062],[37.59116,39.00241],[37.75479,39.31366],[37.61531,39.54323],[37.52948,39.77951],[37.78353,39.91347],[38.1475,40.01379],[38.54012,40.09703],[38.97296,40.3546],[39.73137,40.66525],[39.907837,40.95916]],[[41.500173,42.64057],[41.551199,42.40644],[41.554861,42.389838],[41.55836,42.382799],[41.585216,42.36286],[41.592296,42.355414],[41.596202,42.349433],[41.649181,42.212226],[41.657237,42.16706],[41.65919,42.133002],[41.664073,42.113959],[41.674327,42.105536],[41.684906,42.098944],[41.715261,42.059353],[41.755707,42.006415],[41.760265,41.99258],[41.761974,41.969875],[41.773936,41.906928],[41.773936,41.902615],[41.773936,41.821601],[41.771821,41.812567],[41.766287,41.804185],[41.750011,41.787502],[41.743907,41.778632],[41.742442,41.770697],[41.742361,41.761664],[41.739757,41.749905],[41.692882,41.692288],[41.676036,41.662177],[41.615733,41.632636],[41.586274,41.602729],[41.520763,41.514228],[41.507091,41.495429],[41.448578,41.456244],[41.438162,41.451361],[41.434337,41.429145],[41.424164,41.407864],[41.408946,41.390326],[41.390391,41.37934],[41.377452,41.376044],[41.34254,41.372504],[41.331798,41.369696],[41.310313,41.360785],[41.285004,41.353827],[41.190766,41.295722],[41.172618,41.291246],[41.146658,41.289984],[41.121349,41.285549],[41.100841,41.274156],[41.061371,41.242825],[41.042735,41.232489],[41.020274,41.2237],[40.997081,41.217719],[40.976085,41.215522],[40.959809,41.210639],[40.922048,41.190619],[40.896821,41.187567],[40.854015,41.199286],[40.838878,41.201239],[40.827485,41.197943],[40.757579,41.158352],[40.698253,41.098131],[40.685883,41.091986],[40.670665,41.087958],[40.639659,41.08515],[40.62615,41.08218],[40.58839,41.057278],[40.557384,41.042467],[40.529145,41.036282],[40.499685,41.038764],[40.464854,41.050442],[40.301036,40.968451],[40.254649,40.958686],[40.231456,40.946845],[40.195567,40.936347],[40.172537,40.932196],[40.142751,40.922797],[40.125987,40.92064],[40.085704,40.926459],[40.056814,40.941352],[39.99936,40.982123],[39.974946,40.980292],[39.91333,40.965382]],[[41.588745,42.674359],[41.94889,42.86538],[42.39797,43.09824],[42.94684,43.16477],[43.47909,42.99844],[43.99469,42.71569],[44.39388,42.71569],[45.05918,42.66579],[45.40846,42.4163],[45.9407,42.38304],[46.38978,42.61589],[46.78896,42.88202],[46.50621,43.61385],[46.606,43.9465],[46.72243,44.19599],[47.015991,44.315988]],[[47.054787,44.328023],[47.069184,44.284329],[47.078298,44.26435],[47.088715,44.251532],[47.104991,44.235907],[47.122244,44.222724],[47.136078,44.217108],[47.146332,44.214301],[47.166759,44.203315],[47.180024,44.202867],[47.190929,44.208564],[47.21046,44.226752],[47.22169,44.23078],[47.245942,44.211982],[47.265391,44.168647],[47.289887,44.093004],[47.316091,44.058051],[47.333995,44.039537],[47.348643,44.031562],[47.357921,44.020575],[47.386892,43.956488],[47.412283,43.925971],[47.42335,43.907945],[47.427745,43.884182],[47.432628,43.876166],[47.455251,43.870917],[47.461925,43.860297],[47.459483,43.851793],[47.445486,43.829739],[47.441417,43.819281],[47.452159,43.822984],[47.468272,43.826117],[47.482758,43.824897],[47.489268,43.815579],[47.502778,43.780992],[47.503429,43.770901],[47.495453,43.764838],[47.469412,43.760077],[47.458507,43.754462],[47.450206,43.745917],[47.444591,43.738471],[47.43393,43.716254],[47.455089,43.688951],[47.450938,43.681871],[47.443126,43.677395],[47.434581,43.67357],[47.427745,43.668443],[47.408051,43.636868],[47.393565,43.606391],[47.377126,43.616523],[47.37322,43.620673],[47.365733,43.620673],[47.366547,43.602851],[47.371755,43.579739],[47.379893,43.559719],[47.390147,43.551174],[47.404959,43.543769],[47.403819,43.527574],[47.404307,43.511379],[47.424327,43.503974],[47.448497,43.518134],[47.465343,43.552151],[47.474457,43.593451],[47.475841,43.629543],[47.477794,43.643744],[47.481781,43.653144],[47.48878,43.661322],[47.500011,43.671576],[47.507335,43.685736],[47.502696,43.715033],[47.506602,43.726752],[47.522634,43.748847],[47.533865,43.775946],[47.540863,43.804755],[47.543793,43.832343],[47.54184,43.854722],[47.544444,43.86522],[47.554698,43.877631],[47.588227,43.898139],[47.595714,43.90119],[47.625662,43.900336],[47.652843,43.896674],[47.677989,43.888617],[47.701508,43.874498],[47.643809,43.829901],[47.601573,43.765692],[47.543793,43.627509],[47.519705,43.520006],[47.490896,43.462836],[47.482188,43.42178],[47.483246,43.379706],[47.496755,43.346381],[47.488617,43.329535],[47.486827,43.310858],[47.493419,43.296332],[47.509613,43.291693],[47.534353,43.320624],[47.55421,43.325507],[47.570323,43.333726],[47.577403,43.329657],[47.582367,43.32099],[47.58546,43.312201],[47.585704,43.299547],[47.58074,43.29267],[47.574718,43.287787],[47.564952,43.268052],[47.549001,43.257636],[47.5171,43.243313],[47.506033,43.2355],[47.48585,43.212836],[47.481212,43.202338],[47.488292,43.180487],[47.48585,43.171942],[47.478038,43.159898],[47.478852,43.148668],[47.48227,43.138007],[47.482432,43.127265],[47.47641,43.118069],[47.459483,43.104438],[47.455089,43.099921],[47.45281,43.080797],[47.461925,43.020819],[47.530121,42.962104],[47.589854,42.942694],[47.599132,42.931708],[47.605642,42.917426],[47.621593,42.905097],[47.69809,42.867133],[47.701671,42.861762],[47.707774,42.837836],[47.711681,42.832424],[47.709972,42.82217],[47.716645,42.773586],[47.715099,42.75727],[47.721365,42.75727],[47.71697,42.747219],[47.715099,42.736233],[47.715587,42.696682],[47.727306,42.662787],[47.751801,42.636664],[47.837657,42.604926],[47.867686,42.584662],[47.938487,42.481106],[47.992931,42.419664],[48.023692,42.392971],[48.078787,42.362738],[48.095958,42.349799],[48.222341,42.175116],[48.249685,42.146552],[48.286143,42.120836],[48.304047,42.102729],[48.311697,42.081977],[48.315603,42.060289],[48.324962,42.038764],[48.386729,41.937201],[48.416352,41.915025],[48.462413,41.900784],[48.51002,41.8935],[48.552908,41.875556],[48.578624,41.845526],[48.578949,41.845282],[48.589366,41.838365],[48.620128,41.824408],[48.655447,41.800605],[48.743663,41.70893],[48.777843,41.68301],[48.79184,41.667426],[48.797618,41.643134],[48.865896,41.585395],[48.904063,41.523383],[48.924327,41.517808],[48.941173,41.504625],[48.953868,41.489081],[48.962169,41.476142],[48.985362,41.450507],[48.989431,41.444525],[48.994477,41.440416],[49.019216,41.43476],[49.027599,41.43122],[49.042491,41.414374],[49.078624,41.35753],[49.108897,41.30976],[49.123383,41.293687],[49.135916,41.27497],[49.141938,41.25316],[49.154307,41.166449],[49.160655,41.148098],[49.171641,41.140367],[49.178477,41.128852],[49.195486,41.057278],[49.243175,40.997219],[49.363129,40.894232],[49.373057,40.882799],[49.382009,40.866645],[49.403168,40.852729],[49.448741,40.831285],[49.471039,40.835761],[49.489919,40.823147],[49.507823,40.80622],[49.527843,40.797797],[49.538829,40.788072],[49.534353,40.766181],[49.516938,40.728909],[49.510997,40.70954],[49.509532,40.699042],[49.510753,40.687934],[49.514903,40.681586],[49.528331,40.66885],[49.531261,40.663723],[49.531912,40.662869],[49.53891,40.653998],[49.556651,40.641181],[49.576182,40.62995],[49.58961,40.62519],[49.633067,40.623196],[49.652599,40.619208],[49.668468,40.612209],[49.704112,40.58808],[49.723806,40.580756],[49.773936,40.575629],[49.816742,40.565375],[49.840343,40.563788],[49.858653,40.566636],[49.914236,40.584296],[49.938162,40.58747],[50.052013,40.584296],[50.060395,40.577948],[50.064789,40.57095],[50.068044,40.563707],[50.07252,40.556952],[50.090343,40.540229],[50.109386,40.527086],[50.129649,40.518459],[50.220063,40.503648],[50.237559,40.496161],[50.248546,40.481187],[50.260753,40.458075],[50.27589,40.436591],[50.295665,40.427232],[50.317393,40.42121],[50.335948,40.405951],[50.350597,40.385891],[50.360525,40.36518],[50.370779,40.28262],[50.377696,40.2744],[50.385997,40.255683],[50.391124,40.235012],[50.387869,40.221137],[50.368663,40.249701],[50.347911,40.2744],[50.32309,40.296576],[50.273692,40.327338],[50.252615,40.33633],[50.229991,40.34276],[50.185313,40.34748],[50.147716,40.35692],[50.127696,40.358954],[50.116466,40.357978],[50.102875,40.35342],[50.093598,40.351508],[50.055186,40.351508],[50.037608,40.345771],[50.003754,40.324205],[49.983735,40.324205],[49.976573,40.329047],[49.963715,40.344794],[49.955821,40.351508],[49.945323,40.354722],[49.919607,40.35814],[49.893403,40.369045],[49.873546,40.360582],[49.840343,40.337836],[49.847179,40.314154],[49.819021,40.29206],[49.778331,40.275824],[49.711925,40.26435],[49.653656,40.23843],[49.577159,40.216742],[49.559255,40.206692],[49.520844,40.174221],[49.503591,40.164944],[49.492524,40.153998],[49.490408,40.132392],[49.49586,40.105211],[49.496593,40.09455],[49.442638,40.078437],[49.432628,40.062974],[49.435069,40.042792],[49.448741,40.022528],[49.457693,40.015041],[49.471934,40.006496],[49.479747,39.998969],[49.483897,39.988674],[49.478282,39.982327],[49.468272,39.977362],[49.450694,39.96483],[49.442882,39.961859],[49.435395,39.957668],[49.428233,39.947455],[49.423676,39.935492],[49.423106,39.9265],[49.428233,39.90644],[49.439708,39.884996],[49.443126,39.873358],[49.438487,39.861762],[49.429698,39.854315],[49.422048,39.849433],[49.416515,39.843736],[49.414561,39.834174],[49.416352,39.828599],[49.419688,39.82331],[49.422374,39.817328],[49.421397,39.810248],[49.417166,39.805854],[49.40089,39.796617],[49.394786,39.782457],[49.395193,39.77619],[49.40089,39.769273],[49.396332,39.756171],[49.402029,39.742499],[49.424815,39.718085],[49.423595,39.70954],[49.409841,39.701361],[49.383962,39.690131],[49.358735,39.666571],[49.33725,39.64643],[49.318044,39.621405],[49.319021,39.604193],[49.307384,39.587592],[49.29713,39.565579],[49.289236,39.542385],[49.284923,39.522203],[49.285818,39.495185],[49.295746,39.476711],[49.388845,39.410793],[49.40089,39.399359],[49.408946,39.38642],[49.408051,39.382025],[49.403575,39.378485],[49.397309,39.34516],[49.398692,39.33515],[49.407074,39.323676],[49.394786,39.328681],[49.38559,39.334947],[49.378673,39.342475],[49.373057,39.350979],[49.366873,39.350979],[49.370616,39.336168],[49.37908,39.31981],[49.391368,39.305487],[49.407074,39.296942],[49.407074,39.289496],[49.384532,39.293687],[49.370372,39.305854],[49.357677,39.320136],[49.306407,39.346503],[49.273123,39.336575],[49.247325,39.310696],[49.237071,39.278957],[49.237804,39.169501],[49.234304,39.156358],[49.229666,39.138658],[49.215587,39.10635],[49.210785,39.090766],[49.207856,39.055406],[49.203298,39.034125],[49.193858,39.016343],[49.118826,38.975328],[49.079275,38.963324],[49.051524,38.981024],[49.054698,38.992743],[49.054373,39.0008],[49.055837,39.007514],[49.065196,39.015123],[49.110118,39.021959],[49.125499,39.028144],[49.138682,39.043443],[49.146821,39.063422],[49.147716,39.083441],[49.136404,39.102281],[49.116384,39.110297],[49.068614,39.111396],[49.068614,39.120307],[49.062755,39.161322],[49.05893,39.172797],[49.041189,39.184394],[49.022227,39.188218],[48.979503,39.187079],[48.967621,39.183824],[48.961762,39.175849],[48.957856,39.165676],[48.949555,39.151272],[48.948741,39.146186],[48.949067,39.135321],[48.946951,39.127509],[48.942149,39.125393],[48.937266,39.125434],[48.934825,39.124416],[48.932953,39.077704],[48.936371,39.053127],[48.952647,39.031643],[48.948578,39.007229],[48.921723,38.935452],[48.918224,38.928941],[48.898692,38.893052],[48.896251,38.890733],[48.867931,38.863837],[48.831798,38.871161],[48.83253,38.835639],[48.834727,38.819281],[48.839203,38.803534],[48.863129,38.756659],[48.8685,38.602484],[48.874278,38.434231],[48.874278,38.434068],[48.877208,38.346177],[48.865896,38.316881],[48.872895,38.295559],[48.874848,38.242743],[48.893728,38.205797],[48.907725,38.083482],[48.949067,37.966864],[48.941173,37.94774],[48.940196,37.924994],[48.944509,37.903388],[48.952159,37.888007],[48.987478,37.842475],[48.987804,37.832099],[48.984711,37.823188],[48.983165,37.815985],[48.993663,37.77676],[49.014496,37.739163],[49.065196,37.67886],[49.132498,37.623358],[49.205577,37.581692],[49.366873,37.51496],[49.441742,37.494859],[49.826182,37.453559],[49.867442,37.458564],[49.901541,37.469713],[49.933767,37.474433],[49.969493,37.459703],[49.959972,37.458482],[49.948904,37.460924],[49.943126,37.461615],[49.935313,37.453559],[50.018728,37.42772],[50.148774,37.403876],[50.195649,37.38935],[50.227306,37.365424],[50.223318,37.329332],[50.232107,37.315416],[50.245128,37.279283],[50.254242,37.264838],[50.268728,37.246894],[50.292247,37.192816],[50.322276,37.153266],[50.357188,37.126532],[50.429454,37.082953],[50.478852,37.03498],[50.493988,37.027737],[50.513438,37.023261],[50.624034,36.963284],[50.644786,36.959418],[50.658702,36.954332],[50.688243,36.928697],[50.703136,36.918443],[50.86085,36.849555],[51.004731,36.767646],[51.088634,36.737006],[51.367849,36.692572],[51.546072,36.650946],[51.730968,36.624254],[51.909028,36.582709],[52.094086,36.602525],[52.258556,36.650946],[52.430512,36.685126],[52.608653,36.712388],[52.779307,36.740383],[52.950531,36.781317],[53.115733,36.822252],[53.447602,36.881903],[53.492361,36.887885],[53.885916,36.905829],[53.957774,36.919623],[54.006521,36.952623],[54.004242,36.914618],[53.947602,36.898749],[53.876475,36.891669],[53.83074,36.880276],[53.818207,36.87523],[53.803884,36.877021],[53.77711,36.883734],[53.762055,36.881822],[53.734386,36.873236],[53.719005,36.870673],[53.660411,36.876899],[53.609141,36.876899],[53.616954,36.865668],[53.631033,36.861965],[53.663829,36.863227],[53.643891,36.857815],[53.635997,36.857001],[53.660167,36.831204],[53.70102,36.816596],[53.856456,36.805487],[53.872081,36.798407],[53.889171,36.793606],[54.014334,36.821112],[54.026215,36.829088],[54.033051,36.845771],[54.033539,36.949123],[54.028087,36.966213],[54.013357,36.97309],[53.994395,36.979153],[53.997244,36.99372],[54.02003,37.027737],[53.996267,37.057318],[53.980317,37.094062],[53.958018,37.178534],[53.927745,37.243801],[53.923188,37.258002],[53.913748,37.34276],[53.913748,37.343004],[53.899669,37.468411],[53.889822,37.508124],[53.871104,37.547797],[53.865245,37.567288],[53.860606,37.611314],[53.82488,37.744859],[53.80714,38.031968],[53.810313,38.048407],[53.823985,38.081529],[53.834158,38.130276],[53.858897,38.206488],[53.854991,38.23371],[53.866466,38.265082]],[[53.964844,38.32442],[55.30282,39.38191],[57.46753,40.00432],[58.84697,41.56227],[59.55726,42.66181],[58.78514,43.08918],[58.44413,44.33088],[59.13301,44.30319],[59.76486,44.02588],[60.17915,44.18283],[60.49764,44.57928],[60.22449,45.27638],[60.34881,45.80835],[60.93119,46.1482],[61.67745,46.07861],[62.2321,45.72162],[63.87588,45.53908],[65.87009,44.69499],[66.79281,43.91694],[68.07119,44.74942],[70.27519,45.10914],[73.0571,44.13609],[74.29347,42.33015],[74.26411,40.54978],[74.79022,38.15264],[74.4472,36.29352],[74.02652,34.9486],[71.74017,31.01956],[70.44711,26.59387],[69.6056,24.68332],[68.236084,23.392682]],[[47.851085,43.999213],[47.838552,44.000637],[47.813324,43.999254],[47.78061,43.994534],[47.665701,43.996283],[47.63738,43.98135],[47.628184,43.962592],[47.632986,43.952541],[47.642833,43.944403],[47.655772,43.943183],[47.673595,43.951077],[47.680186,43.951402],[47.684093,43.939521],[47.694184,43.936754],[47.709809,43.935777],[47.746267,43.926947],[47.76295,43.928412],[47.866873,43.983791],[47.866954,43.991441],[47.862071,43.99433],[47.851085,43.999213]],[[19.291677,30.287055],[19.239757,30.273993],[19.146007,30.264716],[19.056814,30.266181],[18.968028,30.277737],[18.925955,30.293362],[18.780528,30.375922],[18.760997,30.384223],[18.719249,30.391506],[18.653168,30.422309],[18.623302,30.445746],[18.56837,30.500067],[18.324229,30.656887],[18.235688,30.746812],[18.208344,30.769232],[18.175304,30.786078],[18.016856,30.837877],[17.926768,30.85517],[17.907481,30.863511],[17.889171,30.877916],[17.861664,30.913642],[17.848643,30.923651],[17.776052,30.935207],[17.691742,30.959662],[17.613943,30.992499],[17.466807,31.029975],[17.457774,31.033352],[17.447276,31.038723],[17.41863,31.062161],[17.382009,31.078762],[17.375011,31.083075],[17.365896,31.086615],[17.330577,31.086493],[17.16033,31.118801],[16.941905,31.183295],[16.728038,31.223822],[16.358653,31.227118],[16.044607,31.275539],[15.761485,31.388129],[15.687511,31.437812],[15.622813,31.49726],[15.514415,31.628363],[15.490408,31.664862],[15.370453,31.929389],[15.361095,31.965318],[15.355235,32.03852],[15.356863,32.061672],[15.35963,32.102118],[15.368663,32.138007],[15.370453,32.159084],[15.364513,32.174709],[15.322602,32.224189],[15.300792,32.26081],[15.292166,32.280911],[15.283051,32.317288],[15.269705,32.328843],[15.233246,32.347113],[15.195974,32.389797],[15.181977,32.395494],[15.160004,32.398668],[15.114757,32.412787],[14.911143,32.443915],[14.726817,32.450751],[14.706716,32.456285],[14.662934,32.476752],[14.647634,32.488267],[14.631602,32.495673],[14.469493,32.519029],[14.449392,32.525377],[14.404063,32.56684],[14.317149,32.630439],[14.262462,32.660305],[14.226329,32.690904],[14.209321,32.697211],[14.20338,32.700344],[14.185313,32.714504],[14.175548,32.717678],[13.991222,32.744574],[13.915294,32.772773],[13.830333,32.794094],[13.78712,32.799628],[13.616954,32.793402],[13.571462,32.802802],[13.373546,32.892035],[13.363129,32.899563],[13.351736,32.904242],[13.257091,32.918647],[13.187755,32.916246],[13.164724,32.912746],[13.147716,32.903998],[13.115489,32.882148],[13.074474,32.86636],[12.824392,32.804348],[12.729828,32.79857],[12.348318,32.832668],[12.303884,32.843085],[12.224864,32.875922],[12.160655,32.911689],[12.122406,32.921332],[12.08074,32.957831],[11.847016,33.082831],[11.739268,33.112982],[11.691091,33.135972],[11.707774,33.117174],[11.77296,33.099351],[11.793468,33.080756],[11.756602,33.092515],[11.635753,33.10871],[11.603038,33.121487],[11.587657,33.13231],[11.574962,33.157945],[11.560232,33.16592],[11.52589,33.176947],[11.505138,33.18122],[11.504568,33.181342],[11.497813,33.182685],[11.442393,33.204657],[11.351899,33.258857],[11.367442,33.245266],[11.381358,33.230699],[11.392751,33.224107],[11.410655,33.21894],[11.427582,33.207017],[11.433116,33.193549],[11.416759,33.183783],[11.372244,33.183783],[11.287852,33.21011],[11.245372,33.217922],[11.201508,33.211168],[11.179535,33.211086],[11.170177,33.221015],[11.163341,33.242621],[11.147716,33.256903],[11.131521,33.268052],[11.121837,33.280015],[11.133637,33.311428],[11.181895,33.306789],[11.28004,33.280015],[11.284434,33.280829],[11.287364,33.28205],[11.293712,33.286811],[11.269054,33.294257],[11.217784,33.316311],[11.193858,33.32099],[11.170665,33.331773],[11.15089,33.353949],[11.131114,33.371527],[11.102074,33.364081],[11.110783,33.39297],[11.089929,33.454149],[11.116621,33.489973],[11.111583,33.540025],[11.108165,33.549628],[11.073578,33.594468],[11.060313,33.608344],[11.042817,33.617865],[11.000662,33.634182],[10.98463,33.643134],[10.977875,33.643134],[10.971446,33.631903],[10.960623,33.627672],[10.947927,33.629462],[10.936209,33.636298],[10.906505,33.616441],[10.90919,33.607856],[10.92628,33.591254],[10.932791,33.574042],[10.925141,33.55508],[10.909434,33.539618],[10.892263,33.533271],[10.856212,33.524319],[10.780528,33.485745],[10.738129,33.478013],[10.717133,33.483547],[10.703624,33.496039],[10.679942,33.529853],[10.674083,33.5456],[10.679047,33.562567],[10.691417,33.576117],[10.70753,33.581692],[10.736924,33.60285],[10.739992,33.671578],[10.716645,33.706936],[10.697618,33.702597],[10.634072,33.673628],[10.558373,33.655721],[10.489268,33.647121],[10.460216,33.652696],[10.446056,33.655422],[10.367686,33.684068],[10.330251,33.702826],[10.18686,33.821763],[10.172699,33.82807],[10.163097,33.836249],[10.0713,33.946234],[10.048839,33.983466],[10.039317,34.016099],[10.036143,34.034491],[10.021495,34.07331],[10.01824,34.091539],[10.018403,34.13349],[10.014659,34.153388],[10.005219,34.17064],[10.010102,34.173082],[10.010265,34.173163],[10.018809,34.180569],[10.032777,34.184655],[10.054034,34.213163],[10.089778,34.272975],[10.102161,34.304075],[10.12672,34.325629],[10.166677,34.338813],[10.186778,34.351955],[10.234223,34.36933],[10.247244,34.372138],[10.256602,34.379096],[10.278005,34.402737],[10.281993,34.408881],[10.288097,34.414008],[10.300059,34.417711],[10.31129,34.416815],[10.320486,34.413235],[10.330414,34.412584],[10.378724,34.42308],[10.431895,34.496324],[10.465994,34.511949],[10.559376,34.52349],[10.581615,34.532679],[10.597023,34.544713],[10.598752,34.562453],[10.60571,34.573668],[10.607432,34.593329],[10.615001,34.603583],[10.619884,34.615871],[10.62143,34.626288],[10.625255,34.633246],[10.634288,34.637885],[10.701182,34.655951],[10.717296,34.66474],[10.734711,34.680854],[10.743988,34.698676],[10.763469,34.713448],[10.779042,34.739501],[10.811262,34.76888],[10.834885,34.783398],[10.871421,34.797367],[10.867358,34.811033],[10.856293,34.830878],[10.860362,34.836819],[10.86671,34.841254],[10.875499,34.849066],[10.916336,34.873569],[10.916515,34.913316],[10.924951,34.934122],[10.917654,34.957424],[10.945863,34.983531],[10.984366,34.999414],[11.018105,35.034191],[11.022453,35.064502],[11.01588,35.092841],[11.03499,35.107056],[11.04883,35.131223],[11.062912,35.153639],[11.092316,35.173939],[11.111578,35.205595],[11.131352,35.217959],[11.15916,35.218757],[11.160782,35.238232],[11.147104,35.244005],[11.122081,35.253648],[11.101329,35.266832],[11.065891,35.303268],[11.042233,35.334435],[11.037188,35.370821],[11.049412,35.391255],[11.04553,35.434755],[11.050666,35.459782],[11.05769,35.486733],[11.085057,35.506785],[11.039236,35.5185],[11.023936,35.533759],[11.014903,35.555162],[11.013927,35.562893],[11.011974,35.579047],[11.0171,35.602281],[11.055022,35.614476],[11.040998,35.63773],[11.011974,35.657904],[10.971816,35.654138],[10.881521,35.68301],[10.841156,35.698798],[10.8296,35.713121],[10.824522,35.733389],[10.83034,35.753234],[10.84142,35.766548],[10.82309,35.780463],[10.813813,35.78498],[10.803722,35.786933],[10.74362,35.769672],[10.713064,35.779242],[10.693696,35.787787],[10.691335,35.789618],[10.622081,35.842597],[10.608572,35.855862],[10.582286,35.92182],[10.570323,35.931586],[10.556488,35.937974],[10.540538,35.952826],[10.518565,35.979967],[10.514822,35.989081],[10.509125,36.011176],[10.504731,36.020941],[10.499848,36.027289],[10.492393,36.045341],[10.479528,36.079327],[10.474695,36.112486],[10.476856,36.165522],[10.479267,36.216962],[10.491068,36.258066],[10.504845,36.299355],[10.519085,36.337472],[10.550928,36.377256],[10.585564,36.398132],[10.620441,36.39028],[10.717154,36.434551],[10.799929,36.451885],[10.825662,36.479811],[10.879519,36.588475],[10.94993,36.693878],[10.992548,36.744064],[11.02214,36.788276],[11.076735,36.825188],[11.116767,36.838412],[11.130545,36.854039],[11.136227,36.87053],[11.124278,36.885688],[11.118419,36.891181],[11.113129,36.894232],[11.105968,36.901597],[11.099132,36.91059],[11.094493,36.918443],[11.091807,36.928209],[11.090099,36.949612],[11.087738,36.959418],[11.081309,36.969387],[11.063975,36.990058],[11.060313,36.997016],[11.058116,37.006008],[11.04835,37.020331],[11.046072,37.03144],[11.048595,37.041978],[11.05893,37.0539],[11.060313,37.062486],[11.051036,37.080308],[11.033376,37.08747],[11.012706,37.084784],[10.974132,37.061265],[10.923676,37.057034],[10.90211,37.048814],[10.892914,37.038642],[10.894705,37.032172],[10.898448,37.025214],[10.895844,37.014106],[10.887543,37.006008],[10.830089,36.968248],[10.826915,36.963202],[10.82309,36.953925],[10.813975,36.950385],[10.783205,36.924418],[10.733466,36.895812],[10.694672,36.88345],[10.652599,36.876899],[10.60613,36.879706],[10.584972,36.876166],[10.566905,36.863227],[10.552598,36.822921],[10.54605,36.799921],[10.538233,36.772026],[10.518713,36.755797],[10.487727,36.749652],[10.436995,36.728839],[10.416759,36.72956],[10.403005,36.726711],[10.355317,36.731187],[10.320079,36.748765],[10.29363,36.777737],[10.272146,36.816067],[10.257009,36.79385],[10.253917,36.791449],[10.247244,36.786282],[10.234223,36.791897],[10.202891,36.792629],[10.188487,36.797593],[10.193614,36.812323],[10.210704,36.831855],[10.22047,36.837795],[10.25294,36.84634],[10.270193,36.848456],[10.279552,36.844306],[10.272146,36.829088],[10.285167,36.819973],[10.298839,36.821763],[10.309337,36.829779],[10.319021,36.850246],[10.34197,36.868598],[10.347179,36.880276],[10.337006,36.891832],[10.313731,36.918443],[10.303233,36.924384],[10.26588,36.93891],[10.220063,36.97663],[10.182384,37.027045],[10.174327,37.076239],[10.21754,37.110297],[10.224376,37.095933],[10.230317,37.1081],[10.227061,37.117662],[10.218191,37.128933],[10.211274,37.1376],[10.191905,37.133246],[10.161632,37.134345],[10.135427,37.14232],[10.128103,37.158677],[10.146007,37.17121],[10.177989,37.177965],[10.205821,37.175116],[10.211274,37.158677],[10.225271,37.166734],[10.240082,37.17178],[10.272146,37.178534],[10.253103,37.191392],[10.178722,37.212714],[10.146251,37.236518],[10.075857,37.24494],[10.059825,37.264838],[10.05128,37.266588],[9.997813,37.247463],[9.979828,37.246039],[9.882498,37.263577],[9.867442,37.261705],[9.863943,37.259019],[9.85963,37.254136],[9.853526,37.249498],[9.843923,37.247463],[9.819591,37.233832],[9.819591,37.227607],[9.831065,37.227729],[9.851573,37.232856],[9.861176,37.233832],[9.924978,37.213121],[9.925304,37.196763],[9.914317,37.17829],[9.90211,37.164862],[9.879893,37.150092],[9.859711,37.14704],[9.815929,37.151842],[9.807791,37.155015],[9.801524,37.169135],[9.795665,37.172349],[9.790701,37.178412],[9.775076,37.205797],[9.771821,37.213324],[9.792735,37.238023],[9.83074,37.251207],[9.861664,37.271186],[9.861176,37.316352],[9.85906,37.325873],[9.858897,37.328803],[9.773448,37.330512],[9.763194,37.333645],[9.755138,37.339911],[9.74464,37.345201],[9.732432,37.343329],[9.710297,37.336168],[9.66627,37.335435],[9.649262,37.331855],[9.628429,37.323147],[9.591482,37.302924],[9.57309,37.300238],[9.552745,37.309516],[9.538585,37.298],[9.517345,37.286689],[9.493907,37.278144],[9.464529,37.272447],[9.453868,37.268297],[9.442882,37.266547],[9.432628,37.271389],[9.419119,37.275824],[9.405121,37.2685],[9.380707,37.247463],[9.34254,37.235338],[9.210704,37.233832],[9.192393,37.226142],[9.171397,37.198798],[9.15919,37.192816],[9.079438,37.166815],[9.049327,37.156968],[9.038748,37.151842],[9.010753,37.127834],[9.000987,37.123969],[8.987641,37.116848],[8.956879,37.069281],[8.925792,37.038886],[8.903656,37.021674],[8.896007,37.018866],[8.865733,37.007636],[8.824392,36.979478],[8.802013,36.97309],[8.716563,36.97309],[8.692149,36.969387],[8.621104,36.945787],[8.60255,36.939521],[8.601899,36.939358],[8.497569,36.904202],[8.463227,36.901557],[8.428722,36.904202],[8.414399,36.910224],[8.401622,36.918606],[8.388845,36.923245],[8.374034,36.918443],[8.355968,36.92593],[8.333263,36.927802],[8.288097,36.92593],[8.268728,36.933743],[8.25115,36.948676],[8.233165,36.958075],[8.093028,36.901801],[8.073009,36.887397],[8.049978,36.87759],[7.908458,36.849555],[7.866466,36.854397],[7.809906,36.86815],[7.773774,36.889757],[7.773448,36.88996],[7.791189,36.918443],[7.774262,36.931464],[7.778575,36.951117],[7.791026,36.973212],[7.798595,36.993598],[7.789073,36.986558],[7.770763,36.97012],[7.760753,36.966864],[7.712738,36.963202],[7.704845,36.970526],[7.695974,36.976996],[7.685802,36.982408],[7.67449,36.986762],[7.661876,36.988471],[7.652192,36.986233],[7.643403,36.982652],[7.633556,36.980536],[7.588878,36.987616],[7.555919,37.00788],[7.526134,37.033149],[7.490245,37.054999],[7.472423,37.050035],[7.456065,37.041978],[7.447113,37.046617],[7.438324,37.04857],[7.418224,37.048814],[7.404633,37.051581],[7.398204,37.05801],[7.394054,37.069281],[7.386892,37.078111],[7.386241,37.082099],[7.383474,37.082994],[7.369965,37.082953],[7.344412,37.071438],[7.335948,37.069281],[7.325857,37.071194],[7.307302,37.080146],[7.297699,37.082953],[7.292654,37.082506],[7.288259,37.080268],[7.281016,37.073065],[7.27475,37.069322],[7.270681,37.071031],[7.266449,37.074693],[7.262706,37.075995],[7.260509,37.076728],[7.251313,37.078599],[7.232758,37.087226],[7.222667,37.089789],[7.212169,37.089301],[7.192719,37.084296],[7.181651,37.082953],[7.181651,37.076728],[7.211111,37.057034],[7.250499,37.023139],[7.255544,37.015367],[7.257335,37.004136],[7.254242,36.994696],[7.247081,36.982327],[7.239024,36.971503],[7.232921,36.966864],[7.218761,36.960842],[7.176443,36.931871],[7.167491,36.922187],[7.156993,36.9147],[7.133311,36.915269],[7.108084,36.920315],[7.092296,36.92593],[7.064464,36.913316],[6.975597,36.891181],[6.948578,36.890041],[6.909434,36.893052],[6.879649,36.902086],[6.880056,36.918443],[6.86964,36.929185],[6.852794,36.940334],[6.834809,36.949123],[6.822032,36.952623],[6.671153,36.959418],[6.651134,36.963853],[6.631602,36.972398],[6.614106,36.977851],[6.599457,36.97309],[6.583263,36.989814],[6.572765,37.027777],[6.56129,37.035142],[6.552257,37.036689],[6.547048,37.041205],[6.544688,37.04857],[6.5442,37.058783],[6.538585,37.06037],[6.502696,37.082953],[6.462413,37.09394],[6.415782,37.092963],[6.371593,37.083482],[6.338715,37.069281],[6.328868,37.061916],[6.314626,37.048651],[6.274425,37.024237],[6.266856,37.017768],[6.254405,36.998969],[6.254731,36.983303],[6.258556,36.966783],[6.256847,36.945787],[6.235688,36.92121],[6.197032,36.90233],[6.03712,36.853583],[5.868826,36.822943],[5.82781,36.821763],[5.7588,36.833401],[5.733735,36.832343],[5.71046,36.825507],[5.674571,36.799628],[5.655935,36.791815],[5.61199,36.781317],[5.593923,36.773871],[5.576182,36.761379],[5.562755,36.745998],[5.549001,36.709703],[5.529145,36.697659],[5.489106,36.685126],[5.482188,36.680243],[5.469574,36.667711],[5.464854,36.665229],[5.433849,36.665229],[5.428071,36.663886],[5.372406,36.650946],[5.304373,36.643012],[5.269054,36.64411],[5.23585,36.650946],[5.118419,36.699368],[5.09018,36.716783],[5.084809,36.732611],[5.104828,36.781317],[5.086192,36.780829],[5.065603,36.783515],[5.045909,36.78852],[5.029145,36.794989],[5.025238,36.798651],[5.016449,36.810981],[5.009288,36.816067],[4.999522,36.817125],[4.985688,36.817084],[4.973643,36.818915],[4.968272,36.82567],[4.94988,36.839789],[4.78712,36.895413],[4.769054,36.898017],[4.698009,36.891181],[4.622895,36.896389],[4.591482,36.89525],[4.581554,36.894924],[4.550548,36.883734],[4.536388,36.888577],[4.50408,36.889309],[4.491954,36.894599],[4.482432,36.900458],[4.46811,36.905992],[4.452973,36.910061],[4.440684,36.911607],[4.320323,36.898017],[4.306,36.900458],[4.278575,36.910468],[4.261974,36.911607],[4.249278,36.907864],[4.22283,36.894192],[4.21046,36.891181],[4.197032,36.893256],[4.17156,36.902167],[4.159516,36.904202],[4.146495,36.901801],[4.104828,36.883734],[4.08546,36.892076],[4.03948,36.896918],[4.031423,36.897773],[3.99643,36.896918],[3.974864,36.892279],[3.964041,36.891181],[3.948253,36.893297],[3.912608,36.911607],[3.873871,36.917222],[3.827485,36.912909],[3.741873,36.891181],[3.709483,36.873196],[3.649669,36.823961],[3.612071,36.80858],[3.601817,36.808092],[3.580414,36.809963],[3.570567,36.80858],[3.564301,36.804348],[3.558116,36.797675],[3.550466,36.791449],[3.539806,36.788764],[3.519054,36.786607],[3.480479,36.777248],[3.460704,36.775092],[3.340505,36.780707],[3.302989,36.788764],[3.237804,36.813056],[3.227306,36.812323],[3.226085,36.7862],[3.221202,36.77143],[3.21046,36.757392],[3.179373,36.742825],[3.173269,36.742621],[3.140147,36.741645],[3.101817,36.751899],[3.073985,36.771389],[3.047862,36.794989],[3.014171,36.811713],[2.984874,36.814968],[2.977061,36.815863],[2.933116,36.80858],[2.875662,36.774807],[2.849864,36.754055],[2.843598,36.740383],[2.818696,36.710883],[2.792979,36.692939],[2.72755,36.665229],[2.632986,36.605129],[2.600759,36.59634],[2.457042,36.589504],[2.447276,36.590562],[2.426768,36.595282],[2.416026,36.59634],[2.404063,36.599189],[2.400157,36.606187],[2.398204,36.615302],[2.391856,36.624254],[2.373302,36.633857],[2.351573,36.638332],[2.3296,36.637274],[2.309825,36.63052],[2.059906,36.570136],[1.97283,36.561591],[1.96046,36.562201],[1.913829,36.570217],[1.857595,36.56745],[1.802908,36.555365],[1.791515,36.555487],[1.77003,36.560492],[1.761241,36.561591],[1.750173,36.559149],[1.726736,36.549994],[1.716563,36.547919],[1.700938,36.547187],[1.517426,36.538723],[1.476329,36.528957],[1.45281,36.528022],[1.429535,36.532213],[1.385997,36.545152],[1.367686,36.547919],[1.34669,36.544989],[1.288259,36.521226],[1.265473,36.515326],[1.245453,36.513577],[1.202647,36.51439],[1.178722,36.510891],[1.138845,36.493394],[1.116954,36.487128],[1.04477,36.486884],[1.007091,36.466864],[0.962576,36.458157],[0.945567,36.452338],[0.93629,36.44359],[0.93214,36.434556],[0.929535,36.42593],[0.925141,36.418158],[0.913829,36.409125],[0.89088,36.396389],[0.880544,36.387152],[0.864757,36.377387],[0.802257,36.363593],[0.768728,36.344713],[0.753266,36.338609],[0.740408,36.337755],[0.663259,36.332587],[0.644054,36.328843],[0.627208,36.319241],[0.611827,36.305487],[0.594574,36.293158],[0.556651,36.284084],[0.483165,36.243598],[0.468272,36.232245],[0.451345,36.223212],[0.428396,36.219631],[0.384451,36.217963],[0.360037,36.213853],[0.342296,36.205959],[0.337576,36.197496],[0.332774,36.173814],[0.329275,36.164984],[0.321056,36.158881],[0.299083,36.147406],[0.294444,36.140774],[0.283458,36.134426],[0.219493,36.116523],[0.202159,36.106513],[0.153982,36.065009],[0.145518,36.059963],[0.13559,36.055609],[0.127289,36.050767],[0.12379,36.044582],[0.122406,36.033352],[0.114024,36.010199],[0.08017,35.947008],[0.069957,35.92182],[0.034516,35.863267],[0.00294,35.838039],[-0.038482,35.8133],[-0.083079,35.794379],[-0.113678,35.788804],[-0.123891,35.786933],[-0.14509,35.790351],[-0.188059,35.805243],[-0.259429,35.817532],[-0.285553,35.828274],[-0.30191,35.842841],[-0.304596,35.853502],[-0.298492,35.867174],[-0.30191,35.87759],[-0.309193,35.881171],[-0.320709,35.884101],[-0.331451,35.889553],[-0.336171,35.900824],[-0.348541,35.90705],[-0.376129,35.900336],[-0.41804,35.883775],[-0.428131,35.882799],[-0.448964,35.884345],[-0.459055,35.883775],[-0.46288,35.885199],[-0.468007,35.888739],[-0.473785,35.891262],[-0.479482,35.890041],[-0.480824,35.885728],[-0.480336,35.879096],[-0.478424,35.87287],[-0.476064,35.870103],[-0.47704,35.859361],[-0.523427,35.77969],[-0.530426,35.772895],[-0.540924,35.767768],[-0.551259,35.769029],[-0.565053,35.772447],[-0.57726,35.770819],[-0.589345,35.742499],[-0.606109,35.730943],[-0.626454,35.722968],[-0.644521,35.719306],[-0.682607,35.717353],[-0.692454,35.719306],[-0.701324,35.726874],[-0.705881,35.735663],[-0.711293,35.742987],[-0.723134,35.745998],[-0.734486,35.747219],[-0.754018,35.752265],[-0.764027,35.753404],[-0.77717,35.756415],[-0.786122,35.763129],[-0.793528,35.770087],[-0.801666,35.773912],[-0.825022,35.768541],[-0.849477,35.73432],[-0.887563,35.715969],[-0.899403,35.711819],[-0.904693,35.715888],[-0.910227,35.724311],[-0.922678,35.725165],[-0.946278,35.719306],[-0.961537,35.711249],[-0.977651,35.699774],[-0.996693,35.689602],[-1.032948,35.682603],[-1.040395,35.676418],[-1.052073,35.660956],[-1.082753,35.637356],[-1.106353,35.623236],[-1.117014,35.616889],[-1.142812,35.5869],[-1.14802,35.582099],[-1.171539,35.581041],[-1.183339,35.576483],[-1.190338,35.566148],[-1.225413,35.491278],[-1.23705,35.475735],[-1.247304,35.45775],[-1.259185,35.410305],[-1.26773,35.390326],[-1.278635,35.377997],[-1.29483,35.364569],[-1.313791,35.353746],[-1.332672,35.349351],[-1.358957,35.322211],[-1.364003,35.318345],[-1.369537,35.315863],[-1.395904,35.309394],[-1.490875,35.300971],[-1.510365,35.295478],[-1.629506,35.212226],[-1.637685,35.194525],[-1.648834,35.188422],[-1.712799,35.1706],[-1.745595,35.138821],[-1.761138,35.129625],[-1.774241,35.127346],[-1.804351,35.128119],[-1.812734,35.126532],[-1.838694,35.110907],[-1.932485,35.08869],[-1.949818,35.077135],[-1.956451,35.075019],[-1.964752,35.076239],[-1.987701,35.082465],[-2.052358,35.075019],[-2.08609,35.081977],[-2.122222,35.094672],[-2.15689,35.100979],[-2.186391,35.08869],[-2.189443,35.093004],[-2.192616,35.094468],[-2.196116,35.094875],[-2.200103,35.096137],[-2.222564,35.089301],[-2.248687,35.097235],[-2.275258,35.109565],[-2.299062,35.115953],[-2.321441,35.118842],[-2.416737,35.149156],[-2.437123,35.145087],[-2.456125,35.132473],[-2.477203,35.112616],[-2.493316,35.104397],[-2.517486,35.099351],[-2.563222,35.096137],[-2.666737,35.108222],[-2.718332,35.122992],[-2.761098,35.143256],[-2.808665,35.183783],[-2.816396,35.194525],[-2.864858,35.237616],[-2.878407,35.246324],[-2.883168,35.238511],[-2.868276,35.217353],[-2.791819,35.145168],[-2.748118,35.115953],[-2.820953,35.121894],[-2.856068,35.131293],[-2.881988,35.146715],[-2.896392,35.161811],[-2.905141,35.17357],[-2.90982,35.186713],[-2.913319,35.219062],[-2.912343,35.235785],[-2.907948,35.250963],[-2.899037,35.259996],[-2.912913,35.276923],[-2.913197,35.277248],[-2.922027,35.287991],[-2.947825,35.329779],[-2.94811,35.330268],[-2.949778,35.334947],[-2.963043,35.373481],[-2.952952,35.403998],[-2.95759,35.415839],[-2.952219,35.433051],[-2.956654,35.44123],[-2.968577,35.446438],[-2.977935,35.443305],[-2.982818,35.435004],[-2.980824,35.424506],[-3.006256,35.393541],[-3.0454,35.314439],[-3.077056,35.287909],[-3.08967,35.286282],[-3.100413,35.289537],[-3.109731,35.293647],[-3.118031,35.294135],[-3.128651,35.28856],[-3.17394,35.249091],[-3.195139,35.238227],[-3.319244,35.201809],[-3.36205,35.194525],[-3.412913,35.197943],[-3.423248,35.200832],[-3.44286,35.208645],[-3.453847,35.211615],[-3.464752,35.211819],[-3.477406,35.210679],[-3.489329,35.211005],[-3.516021,35.223538],[-3.590972,35.233303],[-3.612213,35.245347],[-3.654205,35.277004],[-3.673573,35.287909],[-3.699574,35.290839],[-3.726226,35.282294],[-3.747141,35.263658],[-3.755523,35.236396],[-3.764801,35.218451],[-3.787465,35.209215],[-3.821929,35.206773],[-3.840891,35.20539],[-3.86856,35.207343],[-3.889257,35.208407],[-3.903901,35.214173],[-3.918467,35.230893],[-3.925046,35.237842],[-3.929529,35.24382],[-3.924673,35.247556],[-3.91253,35.250918],[-3.909413,35.255276],[-3.919342,35.266832],[-3.961293,35.250434],[-4.046702,35.235907],[-4.130605,35.204779],[-4.269399,35.184882],[-4.327056,35.154771],[-4.347646,35.150133],[-4.376047,35.151842],[-4.494252,35.180569],[-4.495432,35.180772],[-4.628285,35.20539],[-4.770497,35.241034],[-4.810618,35.259996],[-4.86498,35.301988],[-4.909332,35.314521],[-4.926503,35.330308],[-4.954701,35.362454],[-4.988515,35.387885],[-5.008209,35.399237],[-5.026357,35.403998],[-5.050852,35.407538],[-5.066274,35.417467],[-5.150787,35.516099],[-5.186187,35.543769],[-5.228424,35.568508],[-5.24942,35.584621],[-5.259999,35.604722],[-5.276763,35.657904],[-5.277455,35.664211],[-5.27538,35.679389],[-5.276763,35.685207],[-5.28189,35.68651],[-5.298899,35.684312],[-5.304799,35.685207],[-5.312652,35.69245],[-5.318756,35.701728],[-5.322621,35.713772],[-5.327382,35.755845],[-5.342356,35.807685],[-5.345693,35.832587],[-5.34081,35.847113],[-5.340728,35.847357],[-5.335561,35.862372],[-5.29186,35.89053],[-5.28307,35.911689],[-5.309316,35.900824],[-5.327382,35.904242],[-5.344106,35.91474],[-5.3662,35.92475],[-5.385162,35.926174],[-5.398834,35.924506],[-5.399322,35.924465],[-5.40549,35.926519],[-5.408,35.924748],[-5.410361,35.917073],[-5.414198,35.909398],[-5.423497,35.908956],[-5.435452,35.914417],[-5.440027,35.918106],[-5.44811,35.918524],[-5.468861,35.910346],[-5.487457,35.896959],[-5.523264,35.863267],[-5.540028,35.850979],[-5.598988,35.822333],[-5.615956,35.831529],[-5.639719,35.836371],[-5.663442,35.835883],[-5.680898,35.829169],[-5.693512,35.834296],[-5.711741,35.830634],[-5.729888,35.822659],[-5.74234,35.814887],[-5.769276,35.792792],[-5.781402,35.79092],[-5.873402,35.801988],[-5.90803,35.797349],[-5.927235,35.780748],[-5.936187,35.765611],[-5.943105,35.742377],[-5.949045,35.69538],[-5.952056,35.685492],[-5.96524,35.670233],[-5.968251,35.660956],[-5.970041,35.652533],[-5.990834,35.598538],[-6.012318,35.558824],[-6.016672,35.544623],[-6.018544,35.520209],[-6.023915,35.501166],[-6.205393,35.124579],[-6.292104,34.880805],[-6.507924,34.504788],[-6.530914,34.474026],[-6.54776,34.434719],[-6.557932,34.417711],[-6.667795,34.280504],[-6.733754,34.162584],[-6.822092,34.039618],[-6.927358,33.944159],[-7.031809,33.874254],[-7.06786,33.863674],[-7.099477,33.840277],[-7.116567,33.834906],[-7.117014,33.834866],[-7.152577,33.830064],[-7.192942,33.817694],[-7.229319,33.80093],[-7.267486,33.772406],[-7.341135,33.731106],[-7.35261,33.724677],[-7.37385,33.719306],[-7.393951,33.725043],[-7.387115,33.732489],[-7.406361,33.726996],[-7.434316,33.698228],[-7.463287,33.68651],[-7.49706,33.64997],[-7.510243,33.641547],[-7.529124,33.632636],[-7.549957,33.625556],[-7.579254,33.620754],[-7.596669,33.611558],[-7.606191,33.608344],[-7.617258,33.609361],[-7.626617,33.613227],[-7.63622,33.614569],[-7.647857,33.608344],[-7.667551,33.612698],[-7.684438,33.599921],[-7.700999,33.58275],[-7.719472,33.574205],[-7.738189,33.570624],[-7.777984,33.55329],[-7.844797,33.535956],[-7.86974,33.526557],[-7.891428,33.503363],[-7.916249,33.494574],[-7.962554,33.484809],[-8.011545,33.466417],[-8.106557,33.430854],[-8.243153,33.404527],[-8.284657,33.389838],[-8.320221,33.365383],[-8.378774,33.304674],[-8.415028,33.280015],[-8.45165,33.264228],[-8.469797,33.260647],[-8.49413,33.259508],[-8.502797,33.261542],[-8.512522,33.270494],[-8.521148,33.272528],[-8.529164,33.268704],[-8.611887,33.186265],[-8.621002,33.173529],[-8.620351,33.152004],[-8.62149,33.13935],[-8.62914,33.127631],[-8.754709,33.010647],[-8.867787,32.881903],[-8.901682,32.854804],[-8.998525,32.797105],[-9.112172,32.682847],[-9.259918,32.57689],[-9.278961,32.546332],[-9.27831,32.529527],[-9.272369,32.512926],[-9.263661,32.498481],[-9.254791,32.488267],[-9.246938,32.472317],[-9.24885,32.452541],[-9.256256,32.432563],[-9.283355,32.387763],[-9.289662,32.372463],[-9.291982,32.350816],[-9.28775,32.343492],[-9.268951,32.335517],[-9.26476,32.330634],[-9.270009,32.227484],[-9.27774,32.196601],[-9.291982,32.168931],[-9.328114,32.130439],[-9.333079,32.118069],[-9.334828,32.10163],[-9.346425,32.06151],[-9.354075,32.046698],[-9.366119,32.026313],[-9.483795,31.922553],[-9.488678,31.915351],[-9.497426,31.898139],[-9.504954,31.888414],[-9.513295,31.880845],[-9.527943,31.871243],[-9.53539,31.864488],[-9.575795,31.816107],[-9.667307,31.731147],[-9.675201,31.715399],[-9.68928,31.635199],[-9.694203,31.625718],[-9.707631,31.60932],[-9.713612,31.597846],[-9.727651,31.58515],[-9.733266,31.567369],[-9.739613,31.560004],[-9.758168,31.545803],[-9.769643,31.53148],[-9.792958,31.47134],[-9.816233,31.436835],[-9.847524,31.402411],[-9.834788,31.388821],[-9.821523,31.379462],[-9.810902,31.366848],[-9.80663,31.343451],[-9.808949,31.2862],[-9.835032,31.144761],[-9.847524,31.121283],[-9.831451,31.085354],[-9.827707,31.06745],[-9.820221,30.87108],[-9.821889,30.859117],[-9.824371,30.851955],[-9.823842,30.845649],[-9.816803,30.836656],[-9.812896,30.827135],[-9.81371,30.814683],[-9.820221,30.792304],[-9.839019,30.759833],[-9.865631,30.72427],[-9.886708,30.686672],[-9.888539,30.648261],[-9.874013,30.633979],[-9.850942,30.629625],[-9.829661,30.628607],[-9.758168,30.586819],[-9.739817,30.559882],[-9.730824,30.552069],[-9.719553,30.548529],[-9.708404,30.547512],[-9.700063,30.542711],[-9.691762,30.509589],[-9.666249,30.459296],[-9.655141,30.442206],[-9.638173,30.426663],[-9.622711,30.417426],[-9.611643,30.404364],[-9.60733,30.377631],[-9.610015,30.357815],[-9.628407,30.291409],[-9.645253,30.164008],[-9.655141,30.126899],[-9.709167,30.039378],[35.496826,23.667166]
    ]]
  }
}
